pf,n,k,p,L,G,r,lda,p_wy,s_wy,p_xy,s_xy,p_wx,s_wx,ami_yx,ami_xw,ami_yw,init_err,bcs_err,minc,maxc,cs_err
100,200,1,10,100,1000,0.2,5,0.85879805412967436,0.87597881500682595,0.98841926755030207,0.98916658853983241,0.85278594415445252,0.86997194575291048,0.56056869039326407,0.4121261065626759,0.16161955378642687,0.64566369739322882,0.66677614193179491,1.5316040508417395e-05,0.56556912703276252,1.0
100,200,1,10,100,1000,0.2,5,0.81804100534310398,0.81294634348704087,0.98098027327462078,0.98217113510802989,0.84935606829574517,0.84366156836007822,0.44928092125140257,0.21442968250560279,0.18613420994941396,0.61713069328667558,0.62120148333356962,3.3989646901488868e-06,0.44187379790636139,1.0
100,200,1,10,100,1000,0.2,5,0.84466540912745025,0.86258330414799778,0.97275736094616061,0.97594885665028519,0.83685689452392875,0.84117692059339899,0.30642451115516106,0.19360072973871725,0.2052509406274495,0.6425998847152472,0.65743124823122279,1.8499184444298322e-06,0.47868360075435734,1.0
100,200,1,10,100,1000,0.2,5,0.8342340843648044,0.83789280616994544,0.98928170833955031,0.98913650312163015,0.84947695113634247,0.85748071557249206,0.32127920794330256,0.22657477416922622,0.11703874643849188,0.61462331040092921,0.62812553636585433,6.4909841088756082e-06,0.47286494056435691,1.0
100,200,1,10,100,1000,0.2,5,0.87013700950661654,0.8806326326616275,0.97908683840918653,0.98223248459595847,0.86516502865402756,0.87639349000910083,0.42636364046746539,0.40951975588806705,0.22264101405790918,0.63326079709821648,0.66166684293407085,1.3144751993987569e-05,0.45196446801254542,1.0
100,200,1,10,100,1000,0.2,25,0.8965011432996739,0.9125157790588081,0.96525998499255472,0.97707571497341827,0.86464216909422076,0.87931492108079168,0.31110259342876112,0.22691688547460173,0.10676782557025404,0.32056575597548509,0.41175158722975813,9.611633218220561e-07,0.25671570367059804,1.0
100,200,1,10,100,1000,0.2,25,0.79935786685034893,0.79930015407281507,0.98746065495606528,0.98757999418684317,0.84348233323967214,0.84440168673619775,0.38230545934826432,0.37149266765362232,0.25608917216867866,0.31510752188186064,0.41058629466740171,1.287804054395103e-06,0.35162978595934735,1.0
100,200,1,10,100,1000,0.2,25,0.83884537001987314,0.83247620284629065,0.9832349539226134,0.98502104376151078,0.83998041715659033,0.83939338604945246,0.47130292809363972,0.40108934356342546,0.14640748035273859,0.34369563909332246,0.4405420061043912,7.341972782648476e-05,0.29932357899964523,1.0
100,200,1,10,100,1000,0.2,25,0.80694006627570969,0.81432238658876255,0.98733810331977789,0.98794870379576194,0.82469640023958879,0.82721528526265375,0.3404829495287387,0.18785023388221975,0.14116393760773793,0.3309877730291173,0.4179596058177445,2.7664872514043815e-05,0.3325223906329362,1.0
100,200,1,10,100,1000,0.2,25,0.8334318590306683,0.82687787481013419,0.98825291279714278,0.98946170289267177,0.84036901797053709,0.83371409915450723,0.54454497540150171,0.50079364073180621,0.21049069064507406,0.30146885926693934,0.3931455819265941,2.8939330076749314e-07,0.24640395643225754,1.0
100,200,1,10,100,1000,0.2,45,0.85854417851369824,0.87268798653941038,0.97998024164932118,0.98000677615827603,0.84529043423510075,0.85478695873375354,0.4452594864599822,0.06829937297861878,0.072811108510887526,0.16861948395687998,0.33555873090068911,3.0767078806892556e-06,0.28875477982655307,1.0
100,200,1,10,100,1000,0.2,45,0.83537950321553922,0.85204149197486434,0.98361531269405611,0.98366551370206023,0.82869223659383873,0.84529403507846934,0.6050763187830448,0.41022581730666496,0.31406799197990265,0.24944660235717309,0.39102866972802064,6.1955131791524565e-07,0.29480483989311801,1.0
100,200,1,10,100,1000,0.2,45,0.78177693604540954,0.77525030976750386,0.98299284411196963,0.983727570757017,0.81235159936249179,0.8060478214176805,0.48806951938512061,0.07665561189088374,0.078291448378615583,0.05936858639598086,0.25544120858946973,2.2345416961222497e-07,0.22540753717293205,1.0
100,200,1,10,100,1000,0.2,45,0.83227913080477034,0.84425317468134564,0.99029112136936748,0.99149076331566477,0.84533662089934103,0.85792934536229959,0.4107992528871563,0.28045940000388447,0.1389581714139001,0.057593935924856066,0.20275336873480843,6.4115328182179354e-06,0.20037481083700293,1.0
100,200,1,10,100,1000,0.2,45,0.80508311033983004,0.82309696966583756,0.97896046879996057,0.98129669011756637,0.82605153113943386,0.84031220704291809,0.49806491210337994,0.38214471158202956,0.21095365577553796,0.061249979474821692,0.2234710160012513,1.9437775693909032e-05,0.36635640143877501,1.0
100,200,1,10,100,1000,0.2,65,0.82317249375786494,0.81910974496789946,0.96898536434252347,0.97326152714583025,0.84629572671433184,0.8344947996824158,0.3940477944186474,0.3242248283364933,0.1396268773012328,0.052452945843689536,0.22412461116899685,1.4508781829958295e-05,0.25045180822127722,1.0
100,200,1,10,100,1000,0.2,65,0.85845540938154952,0.87676202992076668,0.9713744143634786,0.97589787433777131,0.85743465787061801,0.87100891887495824,0.5059447379291161,0.2231177725395625,0.12277246261416971,-0.074632044618339277,0.16371363373533088,1.0755999818146122e-05,0.36181889442011228,1.0
100,200,1,10,100,1000,0.2,65,0.85112292193516115,0.86453759312411382,0.98948094999832337,0.9891390381375661,0.86302157725915929,0.88008398654691999,0.52229890658992773,0.36841992666663492,0.15721816612644149,0.064963313606077544,0.262651794833903,3.1103273830046518e-05,0.2021738895478542,1.0
100,200,1,10,100,1000,0.2,65,0.87550473519331096,0.89604037091332811,0.96931909971999419,0.9725135693833703,0.82714338960226297,0.84962520312016143,0.54823830469785695,0.28380015129329117,0.20418106750804085,0.12251883514762196,0.32809439674773333,8.0584855959298096e-06,0.22635394621422744,1.0
100,200,1,10,100,1000,0.2,65,0.81583994431658746,0.82286395836344328,0.98868663498025722,0.98881763201216943,0.85980021459402189,0.86653815676550838,0.5274784801546144,0.066375174151972111,0.078866448797477007,0.097127831628287753,0.22542240834854466,1.5910395705365232e-06,0.18704849339833762,1.0
100,200,1,10,100,1000,0.2,85,0.83674759935741649,0.84715875699073873,0.98942413146219854,0.9896289136256794,0.84651984391463153,0.85520084177186229,0.41714776106987067,0.3381555351992287,0.21262269168503906,0.51102698187591833,0.42694324670299399,4.1833299759819198e-06,0.35265969537987774,1.0
100,200,1,10,100,1000,0.2,85,0.78797926475516633,0.76528844359029558,0.98670892731710158,0.98205264289514638,0.83522326316647444,0.82993405502547291,0.39726026411261428,0.34064521030105149,0.18360106640044244,0.29664528960186165,0.2093414114076747,2.7608812844803765e-06,0.2175022838788182,1.0
100,200,1,10,100,1000,0.2,85,0.82767026777825037,0.85070862894471622,0.98657584829191924,0.98792302009830313,0.87093967609903911,0.89329836480255331,0.47878593248947388,0.60490618863473222,0.26847981813504646,0.13825664575066787,0.18823481916940576,7.7257397518293303e-06,0.32139802535922213,1.0
100,200,1,10,100,1000,0.2,85,0.84253909737689758,0.85334626096335953,0.97215845308811522,0.9767714290294115,0.85113689848737983,0.86315664804627368,0.35749494629228384,0.22548798883111623,0.072984398018962546,0.43561477261031234,0.31120023885088788,2.2401621771916957e-05,0.23388212219474114,1.0
100,200,1,10,100,1000,0.2,85,0.8419492648595629,0.86024978166697363,0.96415544504104678,0.97140845590938307,0.83600298667034378,0.84917660587407306,0.40510555833090972,0.20779058500202746,0.23302203265978022,0.45494253699960241,0.42189733812692798,1.1599067417655817e-05,0.25819699605169766,1.0
100,200,2,10,100,1000,0.2,5,0.72269490409113102,0.72640059957718595,0.98229114263048223,0.97424407833915372,0.71361710728184136,0.70953766430950227,0.44111713997427426,0.11877144684274567,0.087994135211101429,0.65541493163496622,0.63789278541626193,7.8074703013797375e-06,0.32872127191518596,1.0
100,200,2,10,100,1000,0.2,5,0.60309333980143331,0.56699970965142288,0.98664796800430155,0.98182963703982506,0.65456977564096908,0.63345988277615073,0.44736049399820388,0.31942741786364015,0.096370575889527882,0.61631061015532795,0.59624510509047401,6.0469680248642632e-06,0.38020590229505102,1.0
100,200,2,10,100,1000,0.2,5,0.70281272345026047,0.73327816201436391,0.95426653664270877,0.94877447088788702,0.66072960573424488,0.69434119878773048,0.4007266648711833,0.21392746488835698,0.11524742539620456,0.60676127747958364,0.58018201181347395,2.0772175783001501e-05,0.31642350463436486,1.0
100,200,2,10,100,1000,0.2,5,0.64331197393122397,0.65671989637446659,0.98217993974093298,0.98009076329753675,0.64165734477461789,0.66175925951428427,0.61388945129374139,0.25884248202085958,0.11706479942541277,0.62838168622343726,0.60286177319749834,4.7079210779621405e-05,0.31571233600976534,1.0
100,200,2,10,100,1000,0.2,5,0.72121229351516614,0.73728838780199801,0.96766929363536391,0.96202825977319262,0.72831263268698709,0.74316027741405055,0.42682050503907354,0.16157580797621449,0.11857179438899818,0.62768593450466892,0.6206087225955812,6.6516003638605881e-05,0.40832887344660962,1.0
100,200,2,10,100,1000,0.2,25,0.66406904801982103,0.66031582627314045,0.97178453072999438,0.96765226867758136,0.65833018815720679,0.66859789827766869,0.45743832024073106,0.089372371546835527,0.11493139971140764,0.38976141379838902,0.43216101587626865,1.1126659839488795e-05,0.26963878945241282,1.0
100,200,2,10,100,1000,0.2,25,0.594473672610496,0.5991990644538645,0.98744012462115516,0.98290154555507014,0.62856984937221005,0.64281996116540341,0.52659204361629475,0.11328826460202973,0.13962385400365399,0.38192167049676351,0.42882691398427253,9.7448623416207525e-06,0.23794692133976825,1.0
100,200,2,10,100,1000,0.2,25,0.67272423897050149,0.64268793177948635,0.98682239141170469,0.9803512850245254,0.71649021804733837,0.7068397186181038,0.55077826504496163,0.27634349966167537,0.14184479671702002,0.35686890089422685,0.38996187603303845,6.1433213383033092e-07,0.20003448613175923,1.0
100,200,2,10,100,1000,0.2,25,0.67889168332757177,0.69178501581041263,0.9605999976910311,0.96220592733977428,0.67326337979563122,0.69856728688180791,0.39370639141865682,0.13003352854221079,0.11321713644704731,0.29516316929784003,0.35363165685007014,1.4992570868677113e-05,0.29903526247963352,1.0
100,200,2,10,100,1000,0.2,25,0.59247955271474173,0.6033981689701029,0.98159452623540655,0.977472872542266,0.62889534227682209,0.64901739666584302,0.42901556017296144,0.14652971815667895,0.047979082915866784,0.36080402350361263,0.40374651824295327,1.8275736672124232e-05,0.2145126764099029,1.0
100,200,2,10,100,1000,0.2,45,0.77071811219698849,0.76284447963265289,0.96843629969981548,0.95725363453226675,0.72471225831407815,0.70201406290081247,0.45994076826451769,0.17717610555667201,0.1456511335580454,0.24996099253603976,0.380717845984893,4.1191598288414788e-05,0.21394324309653601,1.0
100,200,2,10,100,1000,0.2,45,0.61307889624289258,0.65392853024156883,0.98078584489367016,0.9781765925028939,0.63708034923076051,0.68146371804797179,0.4798562030387043,0.13318987254252701,0.081912672380956508,0.24750973688166289,0.34635609841456405,2.0570117859719517e-05,0.15866578963236222,1.0
100,200,2,10,100,1000,0.2,45,0.67956678968069106,0.69223006752397609,0.98089322910540044,0.97437291789241154,0.68152445988745303,0.70136017677705298,0.44452982162186239,0.20777731761397109,0.1663851468059151,0.15736105802478961,0.26824741012474784,3.0778143365051136e-06,0.21902631305786646,1.0
100,200,2,10,100,1000,0.2,45,0.67848859765554348,0.70676606181492596,0.9760890293522283,0.96978066303064447,0.66819111645193519,0.70394566845242579,0.35342244182675459,0.22499909490642969,0.13232800285002155,0.16207213203946513,0.26402492583636028,3.3133292654974333e-05,0.15579163277789132,1.0
100,200,2,10,100,1000,0.2,45,0.75465478561229227,0.76102324744760674,0.93262410617981473,0.92778552253692026,0.63327022821782675,0.64096554360845082,0.31079743177941677,0.14366280190110439,0.17106781406160734,0.19573570863922463,0.32223725575986317,4.0143108626100599e-06,0.25548235985304579,1.0
100,200,2,10,100,1000,0.2,65,0.69219094864280761,0.71261301264142463,0.97122990331266967,0.96873277108881972,0.66063506047009879,0.678308464637566,0.35431286588689254,0.20414426143664308,0.11264795190421585,0.15877570389307571,0.33349972649766924,3.8276895772959563e-05,0.18803739703911682,1.0
100,200,2,10,100,1000,0.2,65,0.69554436508300543,0.69958826603736668,0.98176523448439756,0.97782417700059354,0.69692302296596687,0.69846010446558127,0.39764190294160545,0.21600039849022856,0.084748703984759602,0.10264342943711569,0.29361728877330839,1.6279512868089263e-05,0.28602930351165567,1.0
100,200,2,10,100,1000,0.2,65,0.69201809847967943,0.68914037019240459,0.98286670743051363,0.97948484838674676,0.72141413159333634,0.71867455513491085,0.4781428338526203,0.2239221163410996,0.12123151008364656,0.095686905901985919,0.21561534919130787,1.9472177799517709e-05,0.26892718530930548,1.0
100,200,2,10,100,1000,0.2,65,0.67506766488987013,0.66087700964399432,0.98193731873820911,0.97441481940178087,0.70936696822798584,0.70751658996626776,0.54545590175819803,0.20689105403916747,0.15580094272908451,0.11637547509996349,0.18193088782177957,5.9071442541913655e-06,0.22251207907335691,1.0
100,200,2,10,100,1000,0.2,65,0.68674647493229757,0.7003845836949264,0.98062596506403465,0.9789489874631464,0.68349006092486886,0.69364578907257568,0.51052391615841985,0.25671921941642845,0.09084548081189768,0.26008414574293293,0.41688761978134292,6.4264949297454521e-05,0.19273952385896109,1.0
100,200,2,10,100,1000,0.2,85,0.66717617783250993,0.69669470030136338,0.98502657192919596,0.98175108799075383,0.68363487346724539,0.71309165781770179,0.50971101384590844,0.30335035213710188,0.17139820816436246,-0.0055177051792929532,0.18532751011891624,1.9714471712894976e-05,0.28220911577622698,1.0
100,200,2,10,100,1000,0.2,85,0.73851244398149096,0.74152443424672865,0.97012574802349694,0.96300471199610505,0.70176972188404274,0.70170568304768999,0.48257332498291394,0.19004936019820162,0.087486055129530393,0.43562488153038359,0.43457290651998504,4.4535653124455621e-05,0.2156161524193706,1.0
100,200,2,10,100,1000,0.2,85,0.7046039690578163,0.71414749077875106,0.96557005401098517,0.95500262710493844,0.68708201447336326,0.69509885934615712,0.44294777957854536,0.1584884610552755,0.11219713751059358,0.16870048401180771,0.35634366912578397,5.5854230467389243e-06,0.20244756016181964,1.0
100,200,2,10,100,1000,0.2,85,0.75339258609743309,0.77848847125807563,0.95608529630246297,0.94993224375249286,0.70683966266413123,0.71593993285931734,0.51823173015287172,0.14930554770732193,0.090757652085017348,0.20213782919810697,0.40398215937462267,1.6518553836109007e-05,0.1643596554686354,1.0
100,200,2,10,100,1000,0.2,85,0.63025062834658985,0.65000016112924963,0.95656849516307874,0.95161181439647857,0.64359549537299632,0.64824024495650401,0.43935555255165276,0.07067101281324252,0.076186321545149871,0.13430276411200492,0.32239200295951043,1.2119305936475477e-05,0.24491432680035685,1.0
100,200,5,10,100,1000,0.2,5,0.44774768929833775,0.46784451213240325,0.98219903319782853,0.9721348881562788,0.4489573221428278,0.48380587439504746,0.38282170491570344,0.062236149729667234,0.055208180811364756,0.56997691663593408,0.51822122786394165,1.1087389846897722e-05,0.27241452998199556,1.0
100,200,5,10,100,1000,0.2,5,0.42990893919274864,0.42448163615115853,0.98241506881583351,0.97256281470304473,0.46786290348267845,0.48239663539937672,0.4489467625881795,0.24064938795104004,0.15558560285239581,0.60416091934485028,0.54044289262449818,1.2259790124868886e-05,0.23651037449624868,1.0
100,200,5,10,100,1000,0.2,5,0.41952016644466616,0.44486413016990151,0.97500547631548484,0.96288903325717901,0.40498505842562471,0.44352764408063394,0.41355829039250491,0.13899434276741546,0.11229695752395047,0.5601588548374199,0.49986611197611719,3.5684165920923938e-05,0.19143936425855212,1.0
100,200,5,10,100,1000,0.2,5,0.44732230619690794,0.45675608370041998,0.97528732428346254,0.96301569395575282,0.47654829210838279,0.49384168283799862,0.27669633626906942,0.26860665903971737,0.046050181834559258,0.52510995439724639,0.45542628779103311,2.0658213951918469e-05,0.21571375803427206,1.0
100,200,5,10,100,1000,0.2,5,0.59085244223103606,0.59690480434220861,0.96838675564372234,0.94786011939326131,0.53609249395907854,0.53990194536380398,0.31496183616081774,0.12167647086146074,0.094555342661847966,0.6381270342112646,0.57736182702058803,3.2520171648897644e-05,0.27124455938041425,1.0
100,200,5,10,100,1000,0.2,25,0.40186020545297252,0.41067076529745361,0.97573882804550449,0.96657959999575327,0.42886274876567454,0.45015022486412376,0.40032282332408803,0.20876091138295683,0.052126677246489526,0.32105006827162219,0.37107522861960185,9.3528751730076465e-06,0.21747484714375076,1.0
100,200,5,10,100,1000,0.2,25,0.49111187547437074,0.4518132090501093,0.98709812642635708,0.97975943380918273,0.52682345972331834,0.50637838838759963,0.44224679118166071,0.078391559644957226,0.029577822147782554,0.4516959104465097,0.51645547454721097,7.8930568073731777e-06,0.20684729621822751,1.0
100,200,5,10,100,1000,0.2,25,0.43009272391867548,0.42665954596935141,0.97064398354484238,0.96066032416129032,0.47457199576220765,0.48485585288385202,0.38787496328607679,0.2452871161010366,0.049442605979120632,0.46838496290351617,0.50378339601699229,8.7451870312005298e-06,0.15698423514627358,1.0
100,200,5,10,100,1000,0.2,25,0.50525696325175451,0.4853206077804339,0.97193468803568006,0.95788812138340917,0.48238790797135844,0.46819495153719654,0.35163401030763858,0.18285246368136565,0.070944833120964751,0.3909856916205916,0.45794624374957049,3.423560188153818e-05,0.20575367302800518,1.0
100,200,5,10,100,1000,0.2,25,0.47135873185886101,0.47684674163134683,0.9745904689152648,0.95724063933884829,0.46401991839750489,0.47370961657392052,0.28278684777542873,0.15683183553218591,0.042525231640378421,0.39492603018898176,0.43859700187879469,7.9269511977786422e-06,0.170519055919643,1.0
100,200,5,10,100,1000,0.2,45,0.48221692959918294,0.49265285859359054,0.94285299650824994,0.92083178926532772,0.44027085275932032,0.45723036636617143,0.32538919576884207,0.15219768839769113,0.07384469546112557,0.18815054563830969,0.32997875736322013,2.2175818022329707e-05,0.16519527192773953,1.0
100,200,5,10,100,1000,0.2,45,0.40534332654170724,0.41782556203947552,0.98073420436187919,0.96997476582103681,0.46059222853723636,0.49055963563050686,0.37750335495547288,0.10470945866915851,0.051055759853017489,0.14465432935402922,0.3248285630146357,1.0008732178268254e-05,0.12981425691495385,1.0
100,200,5,10,100,1000,0.2,45,0.44072304443930133,0.45109402138197496,0.98215676996641599,0.97226894167107747,0.48331602961410192,0.5138212437050842,0.4157363934251333,0.15385831725676344,0.031354952242441392,0.1334597203900818,0.30679806490202899,2.7170863245884469e-05,0.1367282122375868,1.0
100,200,5,10,100,1000,0.2,45,0.45769694080052803,0.47040523226331704,0.97346715381205184,0.95953329567342682,0.46624142384617195,0.48829706497299391,0.38419104111251295,0.048082004151974479,0.12223458444481232,0.17666142749932345,0.31444873705579213,2.4794763042956802e-05,0.19135146792084723,1.0
100,200,5,10,100,1000,0.2,45,0.37148819055012461,0.37220335261911519,0.98606822604879485,0.97625459681979332,0.41393340286522973,0.43412548262728462,0.38904970312021575,0.15710298070257403,0.10525306694509184,0.11597242401611962,0.30620053036374861,3.4872212548386905e-05,0.15063188409163941,1.0
100,200,5,10,100,1000,0.2,65,0.36367710420356048,0.38553897164317402,0.97103040874256974,0.95614031990552895,0.38665149311561975,0.42474242274735391,0.34432797508825519,0.17817818795216223,0.073335152970561576,0.010775341396017657,0.25981934339475121,3.9549136978678234e-06,0.13878471302952633,1.0
100,200,5,10,100,1000,0.2,65,0.40682454274301982,0.42063468264108217,0.98063455486636408,0.96834856417058346,0.40549185445351088,0.43290472009231828,0.31235391776600802,0.14994251634859201,0.04564300628830225,0.094000810995071293,0.3776483089376339,1.0253776261626157e-05,0.19175002442372724,1.0
100,200,5,10,100,1000,0.2,65,0.45202435304504107,0.49008090313802416,0.96627731176443166,0.95048395355868631,0.41548006256469383,0.45553423492670175,0.31862301250439712,0.10222580644215487,0.024263053457473958,0.11273305298189151,0.37796347372967676,1.3247647078884484e-05,0.20177122058705566,1.0
100,200,5,10,100,1000,0.2,65,0.41664626731429666,0.42084291690501874,0.97577854010782117,0.96386989298567416,0.43626840959687685,0.45957796123589101,0.3138087461022071,0.22334580265149281,0.056707731811360726,0.1220913025155711,0.28385869420618826,1.3131561999113472e-05,0.17548431682610088,1.0
100,200,5,10,100,1000,0.2,65,0.44025396640319125,0.4543816423713723,0.97743960106489636,0.96703833046397381,0.45225248843097599,0.47757451458597661,0.37885511657639026,0.13592289903346511,0.043054793368878373,0.077149504156155402,0.31935579582766493,4.9400702446522615e-06,0.14424562498235638,1.0
100,200,5,10,100,1000,0.2,85,0.36849148283601652,0.38533611442330568,0.98591040839367872,0.9731441394611714,0.43865231213606437,0.48626789551818728,0.36975951910085941,0.16064302814344403,0.041807626931828615,0.31841011253236384,0.38764139318210333,2.7237260731283186e-06,0.13146551905396031,1.0
100,200,5,10,100,1000,0.2,85,0.43981937779366398,0.44199072614043872,0.97441866484649386,0.96183030524512447,0.47672966668421002,0.48734293264790196,0.39245199893727528,0.18265753022818451,0.040096887751769214,-0.027721105714850092,0.34646903929362938,3.8017369456966321e-05,0.14803501789806128,1.0
100,200,5,10,100,1000,0.2,85,0.4093173019090397,0.43700256807589766,0.97975668807973271,0.96605490164091479,0.4385240108393702,0.4795257143466583,0.29279110817760662,0.0877481948669184,0.067136288173742564,0.52283055394960298,0.34335596691155479,3.1776584241693939e-07,0.16862864211028161,1.0
100,200,5,10,100,1000,0.2,85,0.37950893456029178,0.37434841022434123,0.98350913637698034,0.97099936445426116,0.46354307186487098,0.48822353004126307,0.41164193870417182,0.17196774630951317,0.046600806067615935,0.374947671638453,0.42652477801993161,1.4249619042283612e-05,0.14384426930453764,1.0
100,200,5,10,100,1000,0.2,85,0.40007479927154077,0.41986148074216739,0.94285480085831697,0.92185672714078559,0.34243468915758846,0.37250022730058385,0.29737915714294783,0.10990768076182408,0.077717453393833416,0.59647296761378099,0.37642475922087371,3.1345026451523594e-05,0.21570061055218148,1.0
100,200,8,10,100,1000,0.2,5,0.34311017582244752,0.36996035131976784,0.97351807651383104,0.95322563138933847,0.35421828777779452,0.40918412961435602,0.32565143458638562,0.094081464284548957,0.060248292351697472,0.49074850222945998,0.41424061934321554,4.8178907050555608e-06,0.2126348533327348,1.0
100,200,8,10,100,1000,0.2,5,0.38054656941813803,0.40241561749659777,0.97656256761587934,0.95685765790207911,0.41443702037636898,0.46255517755957992,0.3468389122424248,0.14498742874124679,0.031659704977890411,0.47666340890330716,0.38591478526661294,6.8995469858501579e-06,0.21576244492301411,1.0
100,200,8,10,100,1000,0.2,5,0.44509150392800312,0.49969956474222588,0.92485091894526705,0.88420856593258335,0.31347462984284857,0.38108196046106785,0.22527510826525105,0.27835066316506857,0.075887162791602222,0.50445789181620004,0.42364917712974104,1.4281168763563556e-05,0.23585302612892201,1.0
100,200,8,10,100,1000,0.2,5,0.29389858225138354,0.32854062314171267,0.96833463576163448,0.94688088849526908,0.31076379605453519,0.36261701516294365,0.38257676484196235,0.16063779881768878,0.029131707555069424,0.53667880557522274,0.4534881199587375,3.4926179929506418e-05,0.22798383578810955,1.0
100,200,8,10,100,1000,0.2,5,0.36969852419467486,0.39022713098604805,0.96852270838202936,0.94876829310265476,0.37367436822749411,0.39718697353386723,0.3080884349389138,0.059060990441495535,0.032209916213942626,0.54344261572301411,0.46968422512161634,2.8038108141448248e-05,0.26381494712038411,1.0
100,200,8,10,100,1000,0.2,25,0.36540533613503356,0.3580538063867062,0.98480344614397075,0.97329898486760325,0.39931623208583567,0.4165285306399828,0.47417718760425237,0.072025314920630482,0.043696927985508831,0.37656807315648821,0.4318027463037174,1.3939548656694001e-05,0.13799695627898934,1.0
100,200,8,10,100,1000,0.2,25,0.4199749814131194,0.44133982335386718,0.95857627786217181,0.93657763846198672,0.3830940839519632,0.40185265557007377,0.27727299608454437,0.094356488931374979,0.0785729584619278,0.42101609004633334,0.48031284087133508,6.5801813959320832e-05,0.15789688795361545,1.0
100,200,8,10,100,1000,0.2,25,0.42531542097794239,0.37509166262213361,0.98115602592757112,0.95990748854422836,0.44151478379249243,0.40418301776238608,0.3873113022641354,0.18523174853592844,0.097034014389872608,0.38708275049671481,0.43045676014255263,2.6484089214018347e-05,0.17552765258883818,1.0
100,200,8,10,100,1000,0.2,25,0.39956830010558009,0.41229910269876086,0.96277580465883772,0.94010812258663978,0.37808925281208605,0.39892374416038456,0.30965155184103288,0.053110866509719877,0.05722405831260205,0.40205079390331078,0.43447726603329218,4.0088752852107667e-05,0.16759185193085058,1.0
100,200,8,10,100,1000,0.2,25,0.41644161290848603,0.42620535700211193,0.96583281088744077,0.94213587913361696,0.41359803658285821,0.44410372436634121,0.29321680919837501,0.091825230610722328,0.058552975370802902,0.37199920756062921,0.39505163181310621,3.8058119238293386e-06,0.1559694082947618,1.0
100,200,8,10,100,1000,0.2,45,0.29548970091190607,0.29615551439547866,0.98457337205567697,0.96795169987436724,0.33781020575858123,0.36489442854602794,0.37143829994224914,0.16340506290901488,0.065240911944186408,0.14721030320059603,0.35044747635528573,1.1187218486252704e-05,0.15010884157132587,1.0
100,200,8,10,100,1000,0.2,45,0.45563802566636435,0.4578753713726228,0.97435544644622551,0.95360183439059343,0.45104105772897674,0.46594506275833941,0.27991456203186982,0.077017944117098974,0.050322461987674573,0.18412939182272747,0.33914113276572344,1.2977405818848098e-06,0.13801770749053666,1.0
100,200,8,10,100,1000,0.2,45,0.36231791468301022,0.38248915876515654,0.97876220212671927,0.96140789458771048,0.37460639105059279,0.41339813530908281,0.32825511738567359,0.064218697596396743,0.057325439322894203,0.21345839869207517,0.36672155374545667,1.4409467013476451e-05,0.16418677897798417,1.0
100,200,8,10,100,1000,0.2,45,0.39177841381983769,0.39585884027313029,0.97659580225786702,0.959917938696077,0.38947060573743308,0.40249159345394714,0.32054268422014254,0.20823613420902262,0.04734948356871066,0.20475497250415831,0.36661286120414027,1.563922027780773e-05,0.15027347660522183,1.0
100,200,8,10,100,1000,0.2,45,0.39711451963915012,0.39930184565641602,0.98017321210453545,0.96232711243425895,0.38716241460661638,0.40853201375806425,0.35598220910274353,0.134028455489411,0.022978594782158742,0.22714854214039493,0.37571272195725902,6.4059253594983545e-06,0.13725979088421281,1.0
100,200,8,10,100,1000,0.2,65,0.38670101154255976,0.41302828300022149,0.97133092694883072,0.94943104795633892,0.41333775417784513,0.45628542980401354,0.36893633169114465,0.21818856183097093,0.098138096276164002,0.06305620731509276,0.33236951363647049,1.1020359518276734e-06,0.12249959354100515,1.0
100,200,8,10,100,1000,0.2,65,0.27691372718566054,0.29267488419093907,0.97922236234887094,0.96229985616344216,0.29824475319801436,0.33329118120748108,0.35041965870142705,0.11989144089766904,0.02660869907109463,0.1308767129209879,0.3595936059237379,1.1641704842357825e-05,0.13180970049330121,1.0
100,200,8,10,100,1000,0.2,65,0.3000544671491836,0.30550863512426168,0.97729998241324967,0.96165414711355279,0.33284955468105037,0.35692675855107492,0.34439025911812166,0.21494009271849865,0.028462807888585708,0.14290986706476227,0.41955956663112992,6.0505970447266577e-05,0.13194591568276137,1.0
100,200,8,10,100,1000,0.2,65,0.44821157844439141,0.44509020116786746,0.96797656441663449,0.94703120986030631,0.42427511209369717,0.43012187706231786,0.33737968459349577,0.12735387229935199,0.057156354264974146,0.08499591340931556,0.34217922263227052,5.2337609042218958e-06,0.13105183053516922,1.0
100,200,8,10,100,1000,0.2,65,0.35056614882520543,0.37004952027885007,0.98042802736265677,0.96356408494975121,0.38770859218896425,0.4355181921682364,0.42569650672796211,0.14422772757594524,0.057032235318270098,0.052283294371608169,0.28918938674101247,1.5754435630954688e-05,0.12399112165648229,1.0
100,200,8,10,100,1000,0.2,85,0.33984589799500697,0.36109563388237403,0.9797420592230931,0.96469818852164579,0.35423720392225544,0.38737348614549888,0.34636897241442838,0.094374352758916494,0.09274450567533099,0.38718448786590387,0.37831582873705172,4.5379194297923142e-05,0.14957545608245326,1.0
100,200,8,10,100,1000,0.2,85,0.28568817291184589,0.28242356509095673,0.97110176802432446,0.9524857358231863,0.27837385743694787,0.28921121907044162,0.39896230285778894,0.090953111589709298,0.053808444871339296,0.039719971229511097,0.31779135184949625,1.8045401536381789e-06,0.15362333622132929,1.0
100,200,8,10,100,1000,0.2,85,0.40593798288462724,0.38551381848965094,0.97883377541691652,0.95901263531012693,0.42599605375457927,0.42519196578347912,0.45733730559492353,0.10297952498478342,0.044957995328445882,0.087022054867063159,0.40029613173315859,2.8406385523815914e-06,0.12967348936265355,1.0
100,200,8,10,100,1000,0.2,85,0.3559509800132572,0.37474891547019501,0.97140623673175275,0.94791708217301107,0.35379087929283815,0.39067723534651072,0.30173830517159084,0.089896204768402724,0.017081541438828157,0.30095896295862901,0.40484551672191615,2.2375244945749273e-06,0.13827010646546278,1.0
100,200,8,10,100,1000,0.2,85,0.37554394868430385,0.3776046947444392,0.98059313129591907,0.96444155235362006,0.399098999808852,0.42280291516746088,0.35542807408205612,0.13177889057588316,0.038754142728297289,0.040992117645870518,0.30945130114673647,2.3978112850819855e-05,0.11858344572097079,1.0
50,200,1,10,100,1000,0.2,5,0.83516250420049287,0.83035535070418764,0.97148175238302581,0.96908952467558374,0.85584992471360455,0.84784277405918906,0.39880673572007513,0.36482496751681115,0.23363126084025992,0.54022805597409129,0.53236259943195641,1.4195586780507696e-05,0.2795511833968114,1.0
50,200,1,10,100,1000,0.2,5,0.88875844599768872,0.89412441365244888,0.94236485878475762,0.94261821738399598,0.86517457718511859,0.86170985620864926,0.35643741494538833,0.52349425568884211,0.21818639166437223,0.5325665328401038,0.52391622156174777,5.0165000531343651e-06,0.28175165464002239,1.0
50,200,1,10,100,1000,0.2,5,0.79750286443415819,0.80852829051112884,0.9797255327040193,0.98091477317044085,0.8336466562730851,0.84545533132704254,0.49071049450187759,0.40395260226255275,0.22429999763987729,0.49741023418393882,0.48920092126573611,1.7770171792941269e-06,0.3293555063062783,1.0
50,200,1,10,100,1000,0.2,5,0.8182642356129064,0.82417063575509864,0.97940162797372421,0.9806177786564565,0.87157725964471577,0.87928091517988538,0.30447277057234612,0.35672911745596519,0.18371001607065116,0.48384421612917172,0.46083196527039794,4.03731781718486e-05,0.26423152022437191,1.0
50,200,1,10,100,1000,0.2,5,0.85448594089956964,0.87271785855657469,0.88287160940811138,0.89945404208983781,0.83346076189528417,0.83737392992483695,0.43142246952999719,0.42001774767018446,0.18500675793290533,0.57298026552392756,0.57133127018161556,2.6560945446618689e-05,0.34495105567703566,1.0
50,200,1,10,100,1000,0.2,25,0.81347568334960851,0.82825567218916829,0.9767259379161789,0.976170460118297,0.84363039424099884,0.85850234045257179,0.44979431034162087,0.19622171028121183,0.12031040365575615,0.021551773014927278,0.012641641104666701,9.5402902097196929e-06,0.15829770954302114,1.0
50,200,1,10,100,1000,0.2,25,0.80737042600133369,0.81116489894818666,0.98410600258958603,0.98175791459925588,0.8599523127507066,0.87263922567072882,0.53217337718195779,0.35458275739175693,0.22071089286985565,-0.036167561594209641,-0.051648293414287894,4.4932964913257933e-06,0.13372216751425481,1.0
50,200,1,10,100,1000,0.2,25,0.84075981144929168,0.83729577419612211,0.97587028509031115,0.97086071651306294,0.87850300616596233,0.88566831647452171,0.37456939857966753,0.3533714904222387,0.12110743014129244,-0.030768502824296107,-0.038785701740836398,2.085425784725814e-06,0.13753852767599539,1.0
50,200,1,10,100,1000,0.2,25,0.79276891409840045,0.79931548775903694,0.98521237561910968,0.98136784543982247,0.8545280509023222,0.87260428316791971,0.42160894585426179,0.11935562140233216,0.087978019662246651,-0.16308107949214667,-0.16489813511637719,1.4130756844421555e-05,0.12731222937084841,1.0
50,200,1,10,100,1000,0.2,25,0.85681729095787584,0.87359159319646529,0.97778673956481732,0.97826343947400984,0.8766902881563452,0.88770465402304088,0.50981674952331379,0.38997523029995185,0.18126502274376444,0.0050018144952342913,0.013074899562186215,2.5752570285364484e-05,0.16371597146690864,1.0
50,200,1,10,100,1000,0.2,45,0.85045068136868751,0.87255117610016297,0.93549116184728776,0.9501862600597627,0.88482722500350997,0.90081674344834106,0.41618095069960331,0.38946389480448956,0.13385750988023865,0.084681394139464738,-0.022077546120767844,3.6297787549433025e-05,0.20539907554073122,1.0
50,200,1,10,100,1000,0.2,45,0.85859805038981785,0.86653480156775409,0.97500481878623868,0.97429191428981587,0.87999922687725141,0.87677633454206305,0.47470979284771975,0.36824708569869141,0.17013118617655532,-0.00062777351391662961,-0.062247510974195785,2.4949545094909986e-05,0.16438286019209813,1.0
50,200,1,10,100,1000,0.2,45,0.91734835190783748,0.93017795917829849,0.95824994309113898,0.95822592590394395,0.88129620871426295,0.89478808738806304,0.41788686342107584,0.07405944329358681,0.066331832654691017,0.0048124713358189686,0.058186231320232817,2.6520078467817676e-05,0.17702189627211473,1.0
50,200,1,10,100,1000,0.2,45,0.78858623669310302,0.77967753109422044,0.95130328899816963,0.95123903028407553,0.84258343864600238,0.84790427509498889,0.33606665136391722,0.082724950731021665,0.063023946747453499,0.053761665568287875,0.036500516279396322,4.8178058631442866e-07,0.13892448877137498,1.0
50,200,1,10,100,1000,0.2,45,0.80290816482701322,0.82019345138686151,0.97957247071184372,0.98098139344503243,0.85731834487593783,0.87482178541567102,0.57716570431868519,0.34982028019025552,0.25558449641571757,-0.059167571349282966,-0.072386562349084471,1.3340010849183237e-05,0.16238841648164326,1.0
50,200,1,10,100,1000,0.2,65,0.86753170231537957,0.89946346423810186,0.93656900333365856,0.95154596084533216,0.86008222566407611,0.87976292395936928,0.371683325722934,0.23068588363375916,0.14868180717136048,0.34066836329977945,0.15911747346466032,3.866227005921985e-05,0.17684861435475874,1.0
50,200,1,10,100,1000,0.2,65,0.78243148687748654,0.77187568804964268,0.97593325014530452,0.97154567538657377,0.82262125852914791,0.82488301538438524,0.49598605683103308,0.49205513103665899,0.1602190221481434,0.59939126977433199,0.23156934741721069,7.8964601050168781e-06,0.19150257126638648,1.0
50,200,1,10,100,1000,0.2,65,0.8932554206417973,0.90229868949197178,0.95384532598153726,0.95535016615354584,0.87108112309668184,0.88604303658037364,0.46497740841141055,0.1208419125236659,0.091913878738620586,0.20474062545265892,0.18289120763341415,6.8174110878782557e-06,0.21983479536759765,1.0
50,200,1,10,100,1000,0.2,65,0.78396585559798937,0.79352173837129403,0.97554887451149797,0.97513531267879405,0.84175850229455418,0.85618291753939513,0.30842745147103195,0.31761915354851833,0.29724668011418875,0.4814823174338142,0.14903752995859243,1.0060400519096291e-05,0.12681109235625276,1.0
50,200,1,10,100,1000,0.2,65,0.79745296316936931,0.7870327454176963,0.98112118510958168,0.98060713446047454,0.82869556934082655,0.82988257637708285,0.4395067402152294,0.30145382672919635,0.13614797368887749,0.54751648563706778,0.065434784515418065,1.4481450735459589e-05,0.15323699146956193,1.0
50,200,1,10,100,1000,0.2,85,0.80617897291004315,0.79268452912556786,0.96667304372204288,0.96465476668976924,0.84720732311382219,0.84640216705397675,0.29547827574110008,0.34044667493656172,0.14975142009923872,0.50018627828055884,0.22016094542867848,1.7783667593640473e-05,0.16171653726920443,1.0
50,200,1,10,100,1000,0.2,85,0.78697258342622056,0.80954814171587819,0.9564474349961879,0.97031361184565279,0.86000369050229708,0.87322504035355408,0.37291423420462094,0.055422048053354336,0.075736641540210217,0.66098098242182124,-0.060418312647915196,7.4351717417320273e-06,0.13682672376178528,1.0
50,200,1,10,100,1000,0.2,85,0.82311332319068164,0.84853812149024566,0.94775885386445946,0.9588757424304456,0.85748710643184312,0.86930644683725156,0.52954832317102107,0.34587305005051883,0.214846151835382,0.66019055886700251,0.10364533012997712,1.6072416777479503e-06,0.15965859871945909,1.0
50,200,1,10,100,1000,0.2,85,0.84832371004647877,0.86959876208458464,0.95990713579816156,0.96267459414915335,0.83508718572275997,0.85308372161410129,0.41210619532143905,0.093992183927399109,0.13176808989297806,0.43059102683960848,0.09074280919872868,8.2630258635418841e-06,0.22386644706958669,1.0
50,200,1,10,100,1000,0.2,85,0.87579502592334879,0.90100297433760534,0.93504276291784816,0.94274264901139848,0.87290312706100515,0.88934179960760618,0.31984475199729245,0.35808869037669655,0.15649762124986036,0.41010827895096391,0.31187264721932462,1.2022433664271581e-05,0.18629473477931213,1.0
50,200,2,10,100,1000,0.2,5,0.6778822862947721,0.6688308024409988,0.92209289078861667,0.90873280362568654,0.64447820656789812,0.64496629218753909,0.36491138074942175,0.21794836008597909,0.087439684790818831,0.49150298531333192,0.47009784434669311,9.420604500709473e-06,0.15876240266632125,1.0
50,200,2,10,100,1000,0.2,5,0.61215871368313579,0.62392272346760214,0.96925497584212172,0.96069126338768862,0.66944477692295268,0.6889606438305409,0.48096984614960314,0.32852160425203336,0.12127105501112861,0.47144598251698955,0.4381610893126725,1.6956893148956098e-05,0.20389841470763903,1.0
50,200,2,10,100,1000,0.2,5,0.78466409905710321,0.79074812013958407,0.87428994111938185,0.85561450747877521,0.67043789243864027,0.67208053077975449,0.28739101285940449,0.20182826770436535,0.13760610192571177,0.48538694498861357,0.45419760432335976,1.7895165705938965e-05,0.25891117416215104,1.0
50,200,2,10,100,1000,0.2,5,0.69152308771789828,0.68233556845646848,0.89991023430961115,0.8844066722567272,0.63344420327494666,0.63008837767671699,0.37572797109680822,0.17668829644799044,0.15118599805915275,0.45874297985089629,0.44776716639376057,4.8914788708387391e-07,0.20501370899388893,1.0
50,200,2,10,100,1000,0.2,5,0.62776485187231257,0.61591754057943549,0.96694470195377313,0.96044034518553245,0.70904190349996143,0.71141972231365302,0.52017678489151498,0.13058138891421361,0.14907808696501321,0.51679622096238365,0.48439628277246427,1.2821258945638903e-06,0.18354574073852592,1.0
50,200,2,10,100,1000,0.2,25,0.68103328790404938,0.6848299577588095,0.97840777776239374,0.96982508714268034,0.70619507107466573,0.71251802974661049,0.49425829111896163,0.17027521411505545,0.12524800003185543,0.15110713413689869,0.14106746485156529,3.4812321595412143e-05,0.12096373274715955,1.0
50,200,2,10,100,1000,0.2,25,0.66270780103017368,0.64373620886919258,0.95247146648984515,0.94348529855552299,0.70501223128261659,0.6945527662186084,0.43045753104343271,0.31635364720310566,0.14028259024667802,0.073992639880380739,0.062715390416394845,1.053263597672327e-06,0.14259738256120302,1.0
50,200,2,10,100,1000,0.2,25,0.67014843221147269,0.66671907647930184,0.94060003178306872,0.93660371358705252,0.64722492657663633,0.64135986532686939,0.38882627409391973,0.18814392587643614,0.098767657018432251,0.16324859643016143,0.13444034490381329,5.337505680991228e-06,0.1340046518190845,1.0
50,200,2,10,100,1000,0.2,25,0.61912761226815405,0.62993011419913747,0.96775563875657544,0.9600275650904897,0.65107247294792681,0.66988794643183469,0.39684398278869409,0.080610622229802573,0.11080331166516945,0.069700789201000646,0.042025124918300683,2.2042684855616557e-05,0.14417815977307724,1.0
50,200,2,10,100,1000,0.2,25,0.75588024411446986,0.77036701108663219,0.89359699390569125,0.88241091294354346,0.69179949930166795,0.7056458201969612,0.32123069753123767,0.098145599948514559,0.10560547597912359,0.19488676068851696,0.1869144521403947,2.8678248091829062e-06,0.15334804246794276,1.0
50,200,2,10,100,1000,0.2,45,0.62153895188987962,0.56841525173143093,0.97865457719496263,0.96773498242125056,0.66715948147086801,0.64136052795061305,0.49800802706266528,0.12531696343291177,0.081478608983399162,-0.0391581350507757,-0.022570258449484681,6.0191650729235491e-06,0.1166295782263399,1.0
50,200,2,10,100,1000,0.2,45,0.60262455460278774,0.58228242985075362,0.97707590481140383,0.96521522992500741,0.65253433655644044,0.65263068511966538,0.52238962794080546,0.29233693341135625,0.10096212570248841,-0.060796685224266067,0.040255270303212076,4.2840978785596562e-05,0.13766050105116101,1.0
50,200,2,10,100,1000,0.2,45,0.55255160604401277,0.54127883915669961,0.93903894405799049,0.93260710624952237,0.62854875775904728,0.62928491731387037,0.34577587692124706,0.25365601362798884,0.12940371192113537,-0.034178623973765365,-0.0084503669951638827,2.7016492555320681e-05,0.12785351945303347,1.0
50,200,2,10,100,1000,0.2,45,0.69972573623645207,0.67075980484987485,0.96520672509590177,0.95134836542651535,0.68240260541314735,0.66627724626654861,0.31711985673243209,0.29620958252676105,0.11644921347345427,-0.10912817747474013,-0.095842435809068816,2.828165436941088e-05,0.11825678163471665,1.0
50,200,2,10,100,1000,0.2,45,0.73686813109484683,0.73611287648015655,0.92088880147551433,0.91345311690617892,0.66650668278461767,0.67144384563631931,0.25531321218925002,0.24384345997805693,0.076726749995756932,-0.1639063453028522,-0.18065007285854406,2.1258899919329721e-05,0.10953709480339258,1.0
50,200,2,10,100,1000,0.2,65,0.70910996652411962,0.71192672876101692,0.94972227007480492,0.94645914310505286,0.76665186451217371,0.76290371745317631,0.41442085787728117,0.088229420507082504,0.11392123890175811,0.51577531875000771,0.26381653080951439,3.9910699070500044e-05,0.1736297730402212,1.0
50,200,2,10,100,1000,0.2,65,0.7068885224165451,0.70791851104815484,0.95441032786709479,0.94877095914162646,0.70801540690283682,0.73532883053953679,0.50686586209957973,0.16490562293596228,0.1263971487895868,-0.19911842366033206,-0.12830942266684664,2.3014992819314628e-06,0.12871413371045648,1.0
50,200,2,10,100,1000,0.2,65,0.6641802940721222,0.66994965526046912,0.92096641439611504,0.91446417136791713,0.65013413102806439,0.65453158758327601,0.28878717164034895,0.20089117346846685,0.13986779049230022,0.31536001333315877,0.19667123075849935,4.1719485339708484e-06,0.17221236503957249,1.0
50,200,2,10,100,1000,0.2,65,0.69459444643775747,0.70287050850869615,0.95041157249046226,0.93952237914916037,0.68100415632941635,0.71099813968923709,0.28653772866873117,0.37255208637845089,0.11502267655483076,-0.16848498186067462,-0.080545770629780744,4.500965345988206e-06,0.1178257659537727,1.0
50,200,2,10,100,1000,0.2,65,0.64879588433142243,0.64575237390437856,0.95656505991031804,0.94913774492825231,0.66331079837418128,0.67348363579752302,0.51535147194261133,0.25318126256665313,0.15780654758790461,0.17538653231507928,0.10949161386867923,7.8321717891238762e-06,0.14057057659197925,1.0
50,200,2,10,100,1000,0.2,85,0.62591587990933306,0.61740236652598446,0.95978743277767475,0.95206295819163644,0.65918176909358861,0.66565802310644073,0.42828659122457041,0.21279574760409883,0.16813618967363522,0.15061052432136224,-0.10975212585932481,3.1749989182205951e-06,0.13069016165804048,1.0
50,200,2,10,100,1000,0.2,85,0.71295747972592793,0.70660642297082588,0.9292785455654714,0.91900781645053309,0.72970162841901021,0.72045993845203293,0.30239619356446751,0.19873250638070838,0.16613968571845802,0.6435530645319596,0.013613383768977583,6.8309070797578642e-06,0.14100322571385582,1.0
50,200,2,10,100,1000,0.2,85,0.73453800640910261,0.74545369063069034,0.94998502092038484,0.93865272549347945,0.68767202839254793,0.69698483153501367,0.39509187506171478,0.2003459854286867,0.19210517986769088,0.67426184851425219,0.33157352487741287,1.6715919616050456e-05,0.15141222415774502,1.0
50,200,2,10,100,1000,0.2,85,0.65857585386373763,0.67999633844177665,0.93642231443218815,0.92641581020118824,0.61805490187645273,0.63980856682851017,0.32347575700451209,0.28629263597022342,0.11232829416695746,0.63714998875651685,0.23981114182418362,8.4712734331748862e-06,0.13941020149467986,1.0
50,200,2,10,100,1000,0.2,85,0.6459128912219595,0.67952830984226109,0.91513573625735667,0.92036190430184328,0.67776538894889782,0.71319299345906828,0.31616147994385119,0.29400692670190448,0.11889325297846789,0.60759189240099121,0.09542367435203214,2.1351334179353643e-05,0.15867763953928682,1.0
50,200,5,10,100,1000,0.2,5,0.37957928896383475,0.40006306656350038,0.93313599357815424,0.9082707267884822,0.37948042926250891,0.42411851717159543,0.28597029944802832,0.20371126122882108,0.079538948914592345,0.40785831918271709,0.3515989900272859,5.5327387382675397e-06,0.16406022270171949,1.0
50,200,5,10,100,1000,0.2,5,0.41886554778966156,0.4259592554013456,0.96519251714300458,0.94899109691648087,0.43020729669838909,0.45655827203763433,0.37979847395630806,0.25972550300836506,0.044479825457866669,0.49500136576994092,0.44704892639551963,1.7231822967422872e-06,0.16524190849965126,1.0
50,200,5,10,100,1000,0.2,5,0.4769389086970155,0.49309370691549775,0.93932876952530187,0.91507481127132451,0.48529267127877573,0.5114241732961341,0.34195219135110166,0.21444924672220367,0.057052799557041012,0.46789914452109538,0.40628865029599315,5.7996384303926618e-06,0.12539984248276992,1.0
50,200,5,10,100,1000,0.2,5,0.41259346771690608,0.4120303327332609,0.96494282528039554,0.94788841597129592,0.45917022186768919,0.48984552728744679,0.38192894491987273,0.15308578839978007,0.098856462802398584,0.47161457012147889,0.4087318063653208,2.2902125363488679e-05,0.18847230359455214,1.0
50,200,5,10,100,1000,0.2,5,0.46494497938346746,0.47506905481396444,0.94253364716841925,0.92153005874990557,0.45718171471237623,0.48334594484944404,0.3409515749686719,0.1050959652264471,0.0022740270866296246,0.41159117015374891,0.3555231011313631,1.3002314551924243e-05,0.12387849097050507,1.0
50,200,5,10,100,1000,0.2,25,0.43151302976358052,0.4276999812485357,0.96053066720174463,0.94197736016987388,0.45573259644099029,0.47771334314085706,0.36654879424921138,0.15874372960731828,0.033721351411494911,0.072130925442353,0.04570937204018144,2.9376430419336685e-06,0.11175748850729272,1.0
50,200,5,10,100,1000,0.2,25,0.48010750958467985,0.45340568105429202,0.9623783936301854,0.94520387688366792,0.50807850135420873,0.50600897443526538,0.44319601607848375,0.16010253187395498,0.031383637737035376,0.12235023982370419,0.068483334751692881,3.1572488084385952e-05,0.12263214718617399,1.0
50,200,5,10,100,1000,0.2,25,0.45685508846150769,0.45117033414976315,0.95276431638898795,0.93168228098859962,0.47753936336561398,0.48662385702353517,0.39057702351325785,0.14190118083972147,0.06778349875662415,0.13406919785633054,0.09661284934804526,1.8765063931613923e-06,0.12292660187968851,1.0
50,200,5,10,100,1000,0.2,25,0.4285782561737902,0.44628329621048318,0.95642762972345985,0.94024944612801176,0.46142763163877532,0.48955647323232326,0.41610112592491511,0.13390719300376869,0.048607763506699292,0.043360303582240078,0.023028233659948327,2.8816218869964771e-06,0.12680949333552305,1.0
50,200,5,10,100,1000,0.2,25,0.4337799593699776,0.43230761750355795,0.95095220642373257,0.92596930212421535,0.45745334146861683,0.47168739060604131,0.32199124515109168,0.19392971122014499,0.031556267361660936,0.10244324955760742,0.062453487557483256,2.9162718635511453e-05,0.12051871420983695,1.0
50,200,5,10,100,1000,0.2,45,0.46370242921252636,0.46380829200645596,0.97320882654549568,0.95274693395459709,0.49834264958180741,0.52323474811703674,0.31038833983284436,0.080543328482848883,0.10678399850433337,-0.088656481767159345,-0.0064899370320863348,1.5423438881834173e-05,0.1274925115190968,1.0
50,200,5,10,100,1000,0.2,45,0.51739734170966956,0.51613008139444583,0.92859373087417596,0.90460300125480297,0.51552566746484052,0.53007051512104641,0.28939217534021494,0.11662394755848748,0.038826791448256293,-0.090633560376109257,-0.10119959906173603,3.8866579084695374e-05,0.11377268468280333,1.0
50,200,5,10,100,1000,0.2,45,0.51173260090775197,0.52657438652300792,0.89928600890947774,0.86282080757695367,0.47622432138365478,0.5093621320795928,0.24403325812435483,0.14561924909845111,0.010319057472277966,-0.09454214641995784,-0.043400766691651382,1.6707253858161408e-06,0.13110038584692063,1.0
50,200,5,10,100,1000,0.2,45,0.40388974992544735,0.38877970554633162,0.9698519702940237,0.95155130944029376,0.45626604719301522,0.46881343563267042,0.46693896360718729,0.07695722274733359,0.041287531521898485,-0.15682762452910848,-0.18054300944794965,1.1342572698858078e-05,0.11360772009054998,1.0
50,200,5,10,100,1000,0.2,45,0.37272115125726923,0.40372718635451066,0.96084349547393877,0.93775284970765305,0.39615384531746189,0.44985793369262572,0.36971189350613687,0.32303864673126614,0.050256127392168976,-0.10923694939326767,0.0079063556484449959,2.2909839836771084e-05,0.12400673964903641,1.0
50,200,5,10,100,1000,0.2,65,0.42306303879583418,0.41475424008677625,0.96654923619796917,0.94772484286685865,0.49007677761196533,0.51651051963671279,0.29413761217319284,0.117135055972566,0.023282592409908452,0.16793088565690462,0.061752502227098716,1.5403332665475666e-05,0.124529355049254,1.0
50,200,5,10,100,1000,0.2,65,0.38964188923721776,0.38201514886395072,0.97465074669556051,0.95696710265801432,0.48114118227537028,0.51388174698626921,0.45890451836449447,0.23081563794751386,0.055217769523510846,-0.27132081702353816,-0.31610434778366892,3.1775070989947807e-06,0.11260880355730474,1.0
50,200,5,10,100,1000,0.2,65,0.49589695168864345,0.51141887363095573,0.91666418575921449,0.88885463938365683,0.48496080462730462,0.51781381362971191,0.28250657270519036,0.083429521136823614,0.03316465832730349,0.16780932788279912,0.10021094469724934,9.4816380146189871e-06,0.10704823130396635,1.0
50,200,5,10,100,1000,0.2,65,0.44582962886590805,0.45566708630800462,0.9240522959313916,0.8879547396164047,0.43977659016472159,0.47034433367309408,0.2382243359746152,0.11090310130102859,0.056869697737016216,-0.2306608432656978,-0.20779542699397346,1.8858687789835571e-05,0.10625682187193197,1.0
50,200,5,10,100,1000,0.2,65,0.46021815665910815,0.44510862605820462,0.97305413976493604,0.94867852449067669,0.48333861413632584,0.48617729032919049,0.34137308774235392,0.14015421084236923,0.080690421195122833,0.66747724195006364,0.21130476665408082,3.9218417607345124e-05,0.12116268413340214,1.0
50,200,5,10,100,1000,0.2,85,0.55201016550929227,0.56315008810608003,0.91192720998468635,0.88004258047958617,0.53638104665622022,0.55618724377019135,0.22961172519592662,0.1103368801389501,0.070956780143199172,0.69337681960907238,0.24405008155810781,7.6778587501102891e-06,0.13376378996708094,1.0
50,200,5,10,100,1000,0.2,85,0.47658709617138195,0.44496813021330811,0.95780185255601891,0.93253797157823981,0.52045757425305983,0.5156638486487779,0.32478545875505066,0.1100081959340051,0.03174107542555097,0.59075153163665406,0.16463268372584094,1.1316924921400684e-05,0.1174305542668026,1.0
50,200,5,10,100,1000,0.2,85,0.6023019129569307,0.58175132639344429,0.86783510394651753,0.8202583458058379,0.49727802579735103,0.4940689504830752,0.22644911680903657,0.19371593306308857,0.055700018816747264,0.68031934317976206,0.35117159991613789,1.9755865656390093e-05,0.13117612140240176,1.0
50,200,5,10,100,1000,0.2,85,0.51972605364904734,0.51549705673571145,0.92318318217122652,0.88813222569221328,0.4673800288450245,0.4733204866674573,0.26469319991566181,0.15173030330554124,0.063997263179674219,0.67445700594657643,0.12165169530102271,2.2336775262754571e-06,0.14178094576366851,1.0
50,200,5,10,100,1000,0.2,85,0.4003038734364408,0.40953523810534592,0.97526821499344496,0.96011435170223414,0.44959394997775204,0.47664901981706148,0.38864803174611001,0.21908655773968033,0.053065253445325061,0.68053372237924636,0.042778811599121891,3.8878554801780041e-05,0.10623239579908228,1.0
50,200,8,10,100,1000,0.2,5,0.33810466586030818,0.3540388344161875,0.9692547342969523,0.94293577183110344,0.37638705508461934,0.42033567621809964,0.35695531958382426,0.043275374664983005,0.032605081209950149,0.4566194713215368,0.4082019138812305,4.2967935521831535e-05,0.15124965162503101,0.99951302736236836
50,200,8,10,100,1000,0.2,5,0.3563613267102268,0.32462188336749215,0.98197960153705188,0.96422606937367294,0.41952344496101779,0.42927540708042378,0.44574308721346478,0.13669026514503951,0.070070566660641154,0.43406520507725588,0.38650172979207364,4.3172346778641568e-06,0.14886404164032485,0.99907023455961597
50,200,8,10,100,1000,0.2,5,0.41379566860466066,0.39749547741766328,0.95910116591114303,0.92471214279546143,0.42881045199608092,0.43889914213654224,0.26527989767909832,0.069397478999636164,0.067345872619665917,0.46998271837489547,0.41660374266958045,1.5322914479698468e-05,0.17522428404143586,1.0
50,200,8,10,100,1000,0.2,5,0.38215966350705466,0.38253237529081147,0.95579551819967945,0.92945144892210396,0.39856514189798053,0.4272018050106744,0.21511249114040054,0.11328006986147506,0.051966283161002609,0.49722216775293537,0.44953702928783923,1.0233808563908653e-05,0.11743056458063805,0.9982101718463271
50,200,8,10,100,1000,0.2,5,0.31951912948466443,0.31859951129351083,0.974164606200974,0.950143872826401,0.36465968431555296,0.39793871413974752,0.35364860956170113,0.15478251960190431,0.043888302488560328,0.42920359656434548,0.37585113195946862,7.3340632611440526e-07,0.14516039438656447,0.99965455303075867
50,200,8,10,100,1000,0.2,25,0.30193093969841067,0.27298744654466622,0.97596723202625557,0.95769616421875448,0.36998910582314803,0.38383630372797073,0.38475092523368887,0.18950908342166692,0.020165011827673607,-0.065837352538407723,-0.095990331330259471,1.787460079061276e-06,0.10436426647317787,0.99927254136789934
50,200,8,10,100,1000,0.2,25,0.44930487965724519,0.4668340540847209,0.93669717698718369,0.89942850181954781,0.45133805379727043,0.47953487780494142,0.33716569152525233,0.11246075612505635,0.060577138840651294,0.12550361566626189,0.094515067462409563,6.5014665852070053e-06,0.11290200606677803,1.0
50,200,8,10,100,1000,0.2,25,0.42223140123303993,0.44042016535701933,0.9293999194905469,0.8768171756168105,0.37175943439552395,0.40383236063962441,0.2451329565035909,0.11450368714191925,0.062781578300544483,0.18014972301246479,0.13070956728672611,8.4310648096330709e-07,0.11584985063113939,0.99755871671699015
50,200,8,10,100,1000,0.2,25,0.38627525339606961,0.37957181768917297,0.97043261633258548,0.9437687340270704,0.42631868215816038,0.45732988649985423,0.29435908380498332,0.081005354847305505,0.025064697038939505,0.011291067919737552,0.021219777601369949,8.3503930944028859e-05,0.12359337374317203,0.999870498181611
50,200,8,10,100,1000,0.2,25,0.41078347715906838,0.39896175724349614,0.95691636509400169,0.93057352186583941,0.41797023347349482,0.42848507843107519,0.36492242235784084,0.040986072921767605,0.020045338764558728,0.089351708819029318,0.065429800533076454,1.9813950192681951e-05,0.11867532948377835,0.99909137373043322
50,200,8,10,100,1000,0.2,45,0.34783264630498456,0.34903451948231179,0.96928254708844985,0.95019631706332297,0.38178963575501812,0.4113416667902654,0.35770683886770549,0.093365819133880576,0.018024061617979124,-0.16530595579625573,-0.067449325515602565,2.1697197652992273e-06,0.12854958824677243,0.9992467555782667
50,200,8,10,100,1000,0.2,45,0.3682538609073831,0.34125816624637761,0.97310594440525766,0.95159260606010942,0.42070854063330421,0.43289441819468277,0.3522869205223374,0.24345239688311915,0.053729454952661536,-0.12214973945458363,-0.10451549680771799,1.3373590370679977e-06,0.12047194208930534,0.99902257630440605
50,200,8,10,100,1000,0.2,45,0.30326681730124339,0.3099085369093364,0.96299114147132392,0.94021765124330403,0.37543770049508352,0.41143744664226728,0.33878170863600382,0.11254909126844592,0.011035013026494591,-0.17440963523140751,-0.21408903711437244,1.3078424255574816e-05,0.10804775376080156,0.99939986445730244
50,200,8,10,100,1000,0.2,45,0.32223196064885495,0.3283502962846061,0.95079868361861608,0.91800383806716668,0.33514005347461628,0.37607309607605388,0.26511417692586375,0.25740698914163973,0.046237119213134809,-0.17176461783367158,-0.25359826612512681,6.4502325662907367e-06,0.11853352598714484,1.0
50,200,8,10,100,1000,0.2,45,0.34658599833452364,0.34236315363553282,0.96923609173369563,0.94826575429031323,0.39009066730732245,0.4136731490974348,0.40879168324211995,0.12556729967646491,0.040783440912236416,-0.13984426221488966,-0.056751603982229337,2.3638370469480918e-05,0.11690494203378021,0.99937387957669943
50,200,8,10,100,1000,0.2,65,0.3965785755359531,0.39099819088331533,0.95395762704815568,0.92811054886632349,0.41440720154106558,0.43254333055439209,0.3287204703094514,0.18081441223694303,0.082882277623260822,0.19558980080146771,0.10337314556211707,1.5072788757009015e-05,0.10448197251859082,0.99926914799956146
50,200,8,10,100,1000,0.2,65,0.39157932214598135,0.40479334488246227,0.93636471317698711,0.89753768565524006,0.38595226457358889,0.42304766620845041,0.24878337394392758,0.1741696356095529,0.019299089348098299,0.18268760813746543,-0.054571933699616215,1.8422739985979319e-05,0.11808417268527949,0.99968650991601937
50,200,8,10,100,1000,0.2,65,0.46600072964137484,0.47245802511432372,0.84678604799358947,0.80478947292906422,0.37408865788575874,0.40202004223285548,0.30644977643371213,0.12452880628009909,0.06764526116716385,-0.074972703811546859,0.049724917405676972,4.1250866447128942e-06,0.11805558836840846,0.99954481850675558
50,200,8,10,100,1000,0.2,65,0.37875891825766028,0.36573792456159548,0.95416495472595653,0.92681587457497017,0.38942945162699627,0.39648154850284634,0.30280418280793792,0.15165725939722874,0.054560108485924005,0.092178668374393258,0.02914352457200331,2.3757444318373011e-05,0.11932504749484907,1.0
50,200,8,10,100,1000,0.2,65,0.41564516140562335,0.4206156471829427,0.93059310875089762,0.89131717996528081,0.3758091461767612,0.40104902324720187,0.32723292677656968,0.13058549179228651,0.0537406757926411,-0.26058426129215184,-0.25569457753680447,1.2811585212935128e-05,0.10086933041018398,1.0
50,200,8,10,100,1000,0.2,85,0.34964486621209456,0.32725320761941301,0.98179571697432211,0.96610870827833806,0.41001947956914664,0.42784590824455515,0.41181564719552827,0.097821189605566766,0.052067238625209206,0.67295679936611408,-0.0031315807176826027,1.9982895261838607e-06,0.11484008886871877,0.99934598645891681
50,200,8,10,100,1000,0.2,85,0.4283817118261628,0.43919917272431486,0.95221287485656469,0.92846993956938439,0.44093352958176091,0.4721130297657638,0.30025671401442111,0.080011122473890015,0.024757530499946688,0.63176312372300492,0.18985102191965719,7.3387530596935591e-06,0.10979947821874636,0.99885155760796229
50,200,8,10,100,1000,0.2,85,0.3663551628554903,0.38045469257642067,0.91778275731289549,0.88222724236423156,0.35739397381493609,0.38466985217226884,0.22300647837991033,0.12135207869878246,0.023234578688958202,0.57292093886272044,0.16285191128080856,1.2555234748079513e-05,0.12965342700628602,0.99952589272050441
50,200,8,10,100,1000,0.2,85,0.28865948371656769,0.29492977222532224,0.94684121064578075,0.91319922741921822,0.31968174778542879,0.35638501976462217,0.36550393915668672,0.07905729914851134,0.080971196721744604,0.23884209825729064,-0.010396165538591129,2.7130937594321836e-06,0.12429705242791478,0.99952030828112925
50,200,8,10,100,1000,0.2,85,0.32558795185042999,0.32825722233656585,0.96419202668189696,0.94124049245326213,0.37288695942080419,0.39736318510401647,0.35652126880933216,0.092846380922014776,0.035339194381858618,0.56903361826940357,0.079843951237565491,4.326697795820067e-06,0.12173748271508678,0.9970467380778093
25,200,1,10,100,1000,0.2,5,0.78479762158168032,0.77992002345156852,0.98123018551201302,0.97599991569909827,0.83588551491347185,0.8407541726626373,0.33192072234729492,0.12281985426910563,0.11623443649369908,0.33725522897919424,0.33608003955219201,3.8629323784178382e-07,0.12611517742957945,1.0
25,200,1,10,100,1000,0.2,5,0.83335421604669591,0.86375757494535321,0.73498375527492832,0.77147056077644138,0.85123950402584647,0.86749628751408048,0.22338276738252744,0.1080644611418821,0.087389839533780253,0.47527798721368719,0.46766440144335319,5.4076116530077378e-05,0.11993485931007164,1.0
25,200,1,10,100,1000,0.2,5,0.81729540631959241,0.8225404667219528,0.80681093983685159,0.80398613630909577,0.86740818588281599,0.87478467287628947,0.43066059387471523,0.53988653809081311,0.19315533938711948,0.45534629166408269,0.44422517815447471,7.3743283470761867e-06,0.2074196540997022,1.0
25,200,1,10,100,1000,0.2,5,0.81374535247459923,0.8287212943731247,0.93954624074352378,0.9478409516741092,0.84681696181040866,0.85120351496262525,0.42127596473044931,0.22360539537891558,0.10730418505121271,0.3819707996062871,0.3755699441221797,8.5926628423660389e-06,0.14417204192525679,1.0
25,200,1,10,100,1000,0.2,5,0.81346394924080401,0.83181642946597678,0.92530386401913867,0.93234832679466773,0.87283340780889485,0.885116521223554,0.46949156420642579,0.56385504567792333,0.27053893974801552,0.43778258171122097,0.43424258420408723,4.7909701876847066e-06,0.1752161581802868,1.0
25,200,1,10,100,1000,0.2,25,0.73766132603074641,0.74330157057093016,0.90754362617384765,0.9194945548730421,0.82172899596617432,0.83184269633281294,0.39762626339866947,0.074512177569088248,0.07926615835943944,-0.090181732919768942,-0.077459110518705909,8.9099040019302578e-06,0.17082497974641264,1.0
25,200,1,10,100,1000,0.2,25,0.80777103641243631,0.8103890570139074,0.93923839682257015,0.939071833281649,0.87682637333249991,0.88044649443486267,0.45023617935686316,0.39641808998312028,0.27115489226810008,-0.38858561787008328,-0.56207161033553743,4.2527237448242161e-06,0.098130146899479409,1.0
25,200,1,10,100,1000,0.2,25,0.74140436361002593,0.73048594538367828,0.93281248094867142,0.92730403036689835,0.83907471341256956,0.84975681825127258,0.44004204097101995,0.19032037638054608,0.20172986638220936,-0.19886240208670936,-0.19322904864988821,5.4137851246416346e-07,0.10767701919994455,1.0
25,200,1,10,100,1000,0.2,25,0.78538799198513753,0.79410092795263498,0.95012480971539481,0.9535848268955619,0.82816720879922512,0.8300484841477106,0.54562362277708421,0.22648253325269674,0.11942687501869099,-0.03562079225306003,0.019465333497944548,3.2178242572289406e-05,0.10363357595296829,1.0
25,200,1,10,100,1000,0.2,25,0.81378047644581708,0.81719983414030795,0.94563438987766535,0.94823919269207324,0.85144493297329271,0.85867138341737215,0.44358891499124992,0.18125258486588405,0.17136018131670319,-0.10595350366858436,-0.10339113487961415,1.7581235530306216e-05,0.10486750970328529,1.0
25,200,1,10,100,1000,0.2,45,0.8259561566451884,0.84021387294293948,0.91743119290547115,0.93035831671959568,0.88436665061358699,0.89080055948170067,0.40938045690865915,0.088115691768787557,0.14674636346872794,0.264097564174536,0.19139020495633652,8.628617296224661e-06,0.13614049258016359,1.0
25,200,1,10,100,1000,0.2,45,0.80815970542478821,0.81526637724515627,0.96231589862666367,0.96149762555178886,0.87729463192253987,0.89612454026970256,0.54465136272767922,0.21467490615955417,0.22135838104675595,0.60431725974712469,0.23147919806564321,6.7174921213331018e-06,0.10248008764319794,1.0
25,200,1,10,100,1000,0.2,45,0.80772157762306751,0.84844121847336473,0.7592733594892036,0.80057937946538427,0.84810897519954698,0.87364009362402995,0.24151798338524841,0.16797323577007617,0.10712740901914072,-0.21846398718245696,-0.23734027456622186,2.6079743891127549e-05,0.11653915972018924,1.0
25,200,1,10,100,1000,0.2,45,0.78677460159406976,0.8193395942228322,0.88882416564030042,0.9033565104643434,0.84461060517091779,0.8636041153970303,0.46951395866159412,0.49604190887816824,0.19516638916193033,0.021062902851290199,-0.19572283963642456,6.9535245086349562e-06,0.13499745861100099,1.0
25,200,1,10,100,1000,0.2,45,0.68933980163079001,0.67323937404675238,0.95723117647715572,0.94638208678820002,0.81031425709021676,0.82410083561866365,0.50168379023563292,0.25837611275477557,0.17924734118117863,0.093375072606947218,0.057829465660074741,3.5000247327166001e-05,0.12896875779802386,1.0
25,200,1,10,100,1000,0.2,65,0.81095383486464989,0.82390998065855248,0.95052445710940225,0.95240606252809967,0.85775646492518509,0.8602139985062377,0.4613661783874915,0.3452884901570159,0.17153800529720509,0.6166350719836784,0.25358232998245556,1.2701084109889571e-05,0.12504942973476307,1.0
25,200,1,10,100,1000,0.2,65,0.79151273111511855,0.81451561367414582,0.89438313716734774,0.90356983155735227,0.85789154837928927,0.86491460103119056,0.38556512460689635,0.21828098350864383,0.12511237983740003,0.58405624575015502,0.15002750776717555,1.6611671583621757e-05,0.12855577068763591,1.0
25,200,1,10,100,1000,0.2,65,0.84294699558631958,0.85048492594847802,0.9386364819577081,0.95122366518552093,0.86008406226850831,0.87395531774319579,0.40372148141417763,0.37025740696796094,0.14472069738575902,0.40785075127013093,0.10613250550602704,2.6835889299969828e-05,0.10652458395639774,1.0
25,200,1,10,100,1000,0.2,65,0.75385922465095867,0.75602083132371212,0.94152817368253972,0.93960045348964571,0.8337076565147723,0.84108392753717964,0.43006891836428857,0.33077080008216875,0.13410678190024672,0.58418308043959377,0.14263522419682584,3.7870406803808265e-06,0.13793100687155135,1.0
25,200,1,10,100,1000,0.2,65,0.86128770720905667,0.85905330553567827,0.82829257526988653,0.83802370913843871,0.85022466459759105,0.84530870252294821,0.30624046629264329,0.21732720399002026,0.11678102461222722,0.44158679755315022,0.2319299053094025,nan,nan,1.0
25,200,1,10,100,1000,0.2,85,0.82219766542495853,0.830449556464673,0.88035406099599811,0.87863668531908157,0.84642336365344006,0.843391969638285,0.39450261102261508,0.16905110097861983,0.19432859358265683,0.15698628778134138,0.017985198018447668,2.3689762804757208e-05,0.12506890206490806,1.0
25,200,1,10,100,1000,0.2,85,0.79240991002123418,0.79647543804802912,0.92143289041734888,0.93022058663400964,0.84037508453068299,0.84771604518204113,0.53820299307726382,0.58260762889224993,0.13437381664090844,0.60016971656334672,0.042577036032983795,2.1379308575486533e-05,0.12766515670907819,1.0
25,200,1,10,100,1000,0.2,85,0.75398862182307425,0.75011881647414924,0.94188403012252331,0.9473848089553798,0.81351734385204399,0.81113320761043051,0.4335565002945162,0.19337987350171709,0.11654812367487735,0.55826009471181004,0.075834986428794937,1.6447194960633738e-05,0.12237069763440322,1.0
25,200,1,10,100,1000,0.2,85,0.75232132742112823,0.76569007183352833,0.95463596612406021,0.9556190651016272,0.83578799005842364,0.8532106954858244,0.51119556517134446,0.092701397282169196,0.10111399665831095,0.5743029986914655,-0.32231134548648743,2.1636683232406639e-05,0.11557902092881545,1.0
25,200,1,10,100,1000,0.2,85,0.82462867832081133,0.86149537908726959,0.92249768501975404,0.92732085119845375,0.85370638180366454,0.87675869714973409,0.44062727282727271,0.059173508778617025,0.068222738901968366,0.57899010460166811,-0.18698779293123957,1.0367021380242036e-05,0.1106674593467728,1.0
25,200,2,10,100,1000,0.2,5,0.48421239582836195,0.48669480367434331,0.91381773179957182,0.89382062689638564,0.60365602952041619,0.63532411437797431,0.3655375084955601,0.12600706426798094,0.086591201920849029,0.31172416945227643,0.30993994483901255,8.924303567026115e-06,0.11887307252555601,0.98837860876115513
25,200,2,10,100,1000,0.2,5,0.58400821382406609,0.60594801581838709,0.84565978036076939,0.85852154769105471,0.69310368760583319,0.69536944022070546,0.29880204965103235,0.12630253306069028,0.10049606323283018,0.38541124162888374,0.39678306392505736,5.2112246207158819e-07,0.13289830905622058,0.99273743428885752
25,200,2,10,100,1000,0.2,5,0.63591108631855142,0.60609892351245986,0.92370842434382339,0.90984673912299685,0.67671731124635981,0.67910369107705681,0.40814058129621439,0.1905787816413381,0.066239723861788488,0.3496045587359532,0.3659146677343269,1.1890488753385497e-05,0.12164092756305611,0.99506778019069719
25,200,2,10,100,1000,0.2,5,0.69560781582447262,0.7044026512748095,0.95195341305033276,0.9388582218259397,0.72269269603638486,0.74992194124119826,0.36593057419181446,0.16088226165133498,0.10890708792593201,0.31536453883688087,0.28745129225586663,1.422770367076609e-06,0.13064820367783447,0.972905955280296
25,200,2,10,100,1000,0.2,5,0.57298050346233798,0.58901754058713673,0.91615496252626638,0.90980916248995825,0.66681304098739902,0.68986175713346765,0.4496534844727601,0.06351074466413574,0.078039318112714487,0.30862054311726306,0.34717176981144804,1.379216562380492e-05,0.16289824748268922,0.98830711545372485
25,200,2,10,100,1000,0.2,25,0.55415474598171699,0.56010491528754192,0.91032378060751706,0.89631920110600116,0.6157377787162871,0.62915938491024248,0.34422208561492151,0.2305296003527732,0.17183891394652046,-0.27224639273908058,-0.41275458793072639,1.2780541260304368e-05,0.11704665098844391,0.99529293379520856
25,200,2,10,100,1000,0.2,25,0.70167504492470689,0.69304858307238659,0.88277155420510323,0.87141560866086065,0.72261750682643355,0.72306618468938932,0.32859341674197523,0.15321021372802587,0.048337596923909355,-0.073346427018602833,-0.13525547109935365,3.6370748389469298e-05,0.12087491777005488,0.98367087994599811
25,200,2,10,100,1000,0.2,25,0.54611217550878655,0.53295201350071797,0.96584141607716822,0.94986752678906305,0.65653026781318724,0.67254889634502679,0.54001634520828623,0.17339966211392091,0.097710023304266855,-0.14575236700584937,0.033146268777422883,1.1197839759891082e-05,0.12468992230999876,0.97822522837331161
25,200,2,10,100,1000,0.2,25,0.62406392406747846,0.60595658475231839,0.94405452563602954,0.93001112832606014,0.69076126437494267,0.70766641166522515,0.43408314551377103,0.21154532996556868,0.069066165213506614,-0.2811158531633966,-0.19124880651990517,5.3022035220173791e-06,0.11089582515364282,0.99462948325735145
25,200,2,10,100,1000,0.2,25,0.66052460608204988,0.669269947531967,0.84815909617624385,0.81881012632495598,0.66678655140508847,0.67799086407162934,0.29476451683430716,0.2883244685373304,0.13694818553186355,0.054518810152998975,0.030078621894166768,9.8726654762515409e-07,0.11479856896309126,0.99774327763197712
25,200,2,10,100,1000,0.2,45,0.61498344775596392,0.61931586051572785,0.92940567775662264,0.91309455401227513,0.67694682283003149,0.69356124229920446,0.39449721929395609,0.16564803931435085,0.099445248646684886,0.18474892155434885,-0.067056532872068919,1.6502704254239831e-06,0.11349182253976031,0.98445874925412935
25,200,2,10,100,1000,0.2,45,0.60147636811071303,0.61033641713398867,0.93125450089001938,0.90946960645586006,0.67118807324431939,0.68438184310141892,0.31897330434300714,0.13413927877839421,0.12023725724097657,0.55037022356973808,0.1556857735439573,9.7930099665077819e-06,0.12597021599926528,0.99390584951975613
25,200,2,10,100,1000,0.2,45,0.66114140448731529,0.64291396579802984,0.91727563501181608,0.90099936007527948,0.67573307566260299,0.66821215311595239,0.33901728258955754,0.29234159724000608,0.11204582486774516,0.14813409167346969,0.058427849784954966,2.18399337748032e-06,0.11793963823380582,0.99501968893831594
25,200,2,10,100,1000,0.2,45,0.62345550891819523,0.60639160048204355,0.81645443532020112,0.77147028399798767,0.63965305371179815,0.62679074567467974,0.34139561686707237,0.2368179824139561,0.10735320586304127,-0.17152476979358111,-0.10750423748322957,3.5280313982699596e-05,0.10235777467828067,0.98842507838936411
25,200,2,10,100,1000,0.2,45,0.62189743029649414,0.61627328995522279,0.9227676424622655,0.9155945735257347,0.66576779869347225,0.67333354355111041,0.35119765417496979,0.23350581027932879,0.10577460362145596,-0.35659931180140236,-0.17643595381213406,1.1689597978925548e-05,0.11331548593897212,0.99058172303675085
25,200,2,10,100,1000,0.2,65,0.56865867203234544,0.54253928777654226,0.95051953576705261,0.92983520631613414,0.67420775609655992,0.68172389651425036,0.48590290681008114,0.14224468021739628,0.089509815440470528,0.61021439563696012,0.13825308881256815,2.0257340601514962e-05,0.12755066659677694,0.9980415797632638
25,200,2,10,100,1000,0.2,65,0.66434591729761938,0.67705283227802227,0.9074934023007647,0.90101396511536458,0.69243926007647583,0.70097958201216604,0.31645065170071096,0.16370952247326839,0.096419063443112796,0.58346073955921118,0.18210422275229043,2.7682252996541479e-06,0.11227957150048595,0.99893258316264666
25,200,2,10,100,1000,0.2,65,0.60698953403977629,0.56813544790413706,0.9597431883534564,0.94962690479715761,0.69431606303047011,0.7016783758873405,0.5185347391635724,0.26538845287634683,0.073699525832557955,0.58392255077696498,0.0048685429842133532,4.9621465509686047e-05,0.10751942185517604,0.99450188969321984
25,200,2,10,100,1000,0.2,65,0.64308410687782092,0.6199103895194028,0.94699152983350543,0.93593561953515447,0.70633990017421255,0.7087667242919552,0.54355956149694229,0.26420406223714599,0.13151538340332683,0.54351331214990939,-0.26030608520394871,1.8837215899236703e-05,0.11074833121243732,0.99333638830207149
25,200,2,10,100,1000,0.2,65,0.63784092699409045,0.64644730685069762,0.96906985032989845,0.95439070710898688,0.69798343313206135,0.72621025454481103,0.39407002265400698,0.10287478362813035,0.11074928965011577,0.59460491962568018,-0.0022612560137669213,8.3569152553586434e-07,0.12777635163063128,0.9830289348310971
25,200,2,10,100,1000,0.2,85,0.62337588663719368,0.60001538569343593,0.90276471384891421,0.89857903916767268,0.70866064550993713,0.69453862025479507,0.36385083929711121,0.21151231896484704,0.1169034198595808,0.62304168667441151,-0.15798794783667458,1.6396460371659316e-06,0.11275901426101731,0.99765071004480976
25,200,2,10,100,1000,0.2,85,0.64027051051964989,0.62523925659486812,0.83295230885029869,0.81873437398918703,0.6391811907014141,0.64771980557894437,0.31615010983517228,0.2643787408971493,0.14830008959247706,0.35081855569675946,-0.1334357876406278,4.3274778518398449e-06,0.11460878815731723,0.99059204744670659
25,200,2,10,100,1000,0.2,85,0.6297965429100284,0.6069390592200018,0.94903075039195017,0.932379860020077,0.68198815052889228,0.69704087605715159,0.45505490799948012,0.22885303667885862,0.16154528189063078,0.5347070777918651,-0.092759090425762691,1.7247856121116456e-07,0.12409242408945764,0.98856270183860062
25,200,2,10,100,1000,0.2,85,0.68205943898209398,0.66219544320903645,0.88126685448172903,0.84802804177648905,0.68124513639965145,0.66844443109591589,0.31715305613815969,0.095373582101194176,0.096424320818372877,0.61410668162180038,0.18406470715896606,1.785839815138246e-06,0.11974011399080076,0.98724177394247048
25,200,2,10,100,1000,0.2,85,0.5787353438920021,0.58975551889090339,0.84271596543878469,0.84050957193154219,0.634745445041764,0.65638974140647888,0.31813438807689964,0.22376966634069648,0.09274102272431925,0.21318187600017924,-0.11167674903445324,7.2127537533717145e-06,0.1328005368916747,0.99141347252902257
25,200,5,10,100,1000,0.2,5,0.41723159025474721,0.36231600241327955,0.94451693886393751,0.90982819485848476,0.48341655079689816,0.46758896625358304,0.37926047733094126,0.21694582535711976,0.095061208427567295,0.23747922265074017,0.28131339805530475,6.4331515647886306e-07,0.12851087856309418,0.88710648680289883
25,200,5,10,100,1000,0.2,5,0.55112375895599175,0.53294376144016209,0.72517547500071,0.67477084127030695,0.498278997807313,0.51408601466237669,0.15277488481438062,0.13570145138449985,0.074416291608866536,0.40290150176618844,0.39258783490026739,1.8477580721265596e-05,0.10597329192228466,0.91083760582531836
25,200,5,10,100,1000,0.2,5,0.39623001498331512,0.38691996456813843,0.91483088915734945,0.87352546823447774,0.46336885303609043,0.48483493979229431,0.29073635553317151,0.28808704028704696,0.031555331879993619,0.28045414581062322,0.2851228317479263,1.0386421078534269e-05,0.11981316668396969,0.89369673785282888
25,200,5,10,100,1000,0.2,5,0.51906556034551388,0.50949290742073139,0.72211058752167512,0.68709816171096294,0.44253534446726184,0.45850577348755656,0.21546448455632308,0.22549981572238126,0.034800632020249848,0.30892415969663434,0.29033985442002852,1.9668855115506645e-05,0.12659280465489764,0.91175185346727539
25,200,5,10,100,1000,0.2,5,0.36991727119919615,0.32153481522642408,0.96522180753009645,0.94187671235033599,0.46001263977477058,0.47750987532425471,0.38027745479284991,0.15056363786842719,0.047364568612112599,0.26294677331739036,0.29005657480915714,1.7046314360058545e-05,0.11525515568744105,0.90247953968529848
25,200,5,10,100,1000,0.2,25,0.48743270752795476,0.46711173154115859,0.87081091676247302,0.83299123093822247,0.46928120407997176,0.47104499836443842,0.23565502177723729,0.12141274107844229,0.017241921815415638,-0.19809969430578001,-0.25543728126371823,1.9677353797487029e-05,0.12034547034839216,0.91399762569311371
25,200,5,10,100,1000,0.2,25,0.43176081565105384,0.42675911654640797,0.9337084092769844,0.90408700060786384,0.47534544781571764,0.508046340422869,0.28971141496200731,0.15524896176898262,0.048803809108193444,-0.28661718704590666,-0.39773309910772081,1.656949482731207e-05,0.11225495213094439,0.90100447853670473
25,200,5,10,100,1000,0.2,25,0.33330309627573573,0.31277071101221332,0.96106056164700249,0.9360395866922282,0.41093189633971883,0.42988599288743551,0.33393124456116058,0.12723497792017507,0.084669660961370255,-0.17908351803454337,0.0061485763868550647,1.5882201802597251e-06,0.11526865494258964,0.89432369823373814
25,200,5,10,100,1000,0.2,25,0.40621608521370556,0.40727522504580893,0.94861883280774917,0.91782041340063425,0.49880717221808701,0.53507264660617115,0.32822843694264769,0.24630010668726673,0.043287819009897505,-0.34431716542071888,-0.21622257845668691,2.3930794235127451e-07,0.10823574586452978,0.91182994972723264
25,200,5,10,100,1000,0.2,25,0.37932682104155635,0.35487559988904704,0.95691160078000015,0.93642366984474545,0.44330204905092385,0.44903769193228199,0.39469058609061347,0.17421341031131049,0.055931819734222073,-0.18761439699097715,-0.21912985583787381,3.149226347864964e-05,0.11078264504181745,0.91349526283345961
25,200,5,10,100,1000,0.2,45,0.55918707963724978,0.55357360617538265,0.70426861094049087,0.64800928681225689,0.48973318659225118,0.4943385838347234,0.17522025351685513,0.11000555482508735,0.068513584346972758,-0.25932316345865747,-0.4079825506211292,1.2973756734480091e-05,0.10474629062581853,0.91508051258441714
25,200,5,10,100,1000,0.2,45,0.51020004276137931,0.49538312877715562,0.89659260260164819,0.83682642474218583,0.52245432208040721,0.53977912986431675,0.2532100016009774,0.29227302752777878,0.10443076995595173,-0.30165541298860865,-0.21448173634330159,7.4373132710192635e-06,0.11737756035988056,0.88528956654257662
25,200,5,10,100,1000,0.2,45,0.43724988540689469,0.39243875387410665,0.88984473089487226,0.83223035780521049,0.49178252720630233,0.47802226148807253,0.28846100234731942,0.21082931830132265,0.086349093211712344,-0.31746919989633593,-0.072683116239436796,1.7107453791131988e-05,0.099824970475723696,0.9228311979282724
25,200,5,10,100,1000,0.2,45,0.48374424634275148,0.46667876042099177,0.84024841445467224,0.79806970424780987,0.46460671144623999,0.47660880209949963,0.22807097106401703,0.23076178329547542,0.057903609734627666,-0.048648884281410343,0.032975219494810637,1.6480073425362285e-05,0.11733840790776517,0.9209884210191337
25,200,5,10,100,1000,0.2,45,0.49758798871173759,0.45594135369826994,0.88904569853647275,0.83852103987610183,0.49992390270185538,0.48763743060394071,0.22780612976521528,0.15434966910244316,0.053420553829574197,-0.19236963281969133,-0.11359728274623526,3.5255773838227533e-05,0.1124293794287039,0.93064409319317742
25,200,5,10,100,1000,0.2,65,0.43419302412025895,0.41367398863158905,0.94116019896182856,0.90623998823061236,0.49326768481630479,0.51799830795859125,0.38088110908064426,0.18810081598501302,0.044446760633850071,0.57558896488657951,0.11503039612118504,7.3743812989413016e-07,0.12917294793312539,0.9183193131598012
25,200,5,10,100,1000,0.2,65,0.37889194755413835,0.37691296252893564,0.87958176834553692,0.84436964871768694,0.46102979567441715,0.48131090022244327,0.24341874091054116,0.24184403390244377,0.050641141095620935,0.60152596352601173,0.18133702425617892,6.6088917957118909e-06,0.11409847195635558,0.91714740278044926
25,200,5,10,100,1000,0.2,65,0.52469075007301769,0.5131344530383255,0.82361132960074601,0.77851686587079039,0.48459533806582833,0.50432499255806151,0.20038602599770364,0.15349847799790581,0.076476254392544948,0.55686080866671861,0.12879701903572693,1.2936535181529152e-05,0.12233594546486681,0.89211998925269087
25,200,5,10,100,1000,0.2,65,0.44393553270822861,0.42249821315660324,0.83794490927771614,0.7772524501636644,0.45260552308155777,0.4650273105029254,0.29920730357967246,0.092541302218826324,0.03399040055991645,0.57307461581820673,0.19515319930923991,3.1566414828265721e-05,0.12232300058418411,0.94432426643493461
25,200,5,10,100,1000,0.2,65,0.37605850302396604,0.36530057325204351,0.9558301578613112,0.93069464156986326,0.44069149675986397,0.47149889624720503,0.32635370552059295,0.15789322053594104,0.037519187612435695,0.51637173595660724,-0.23247661685233822,1.003090148588015e-05,0.11629550568272506,0.90853952075357403
25,200,5,10,100,1000,0.2,85,0.41767622083958966,0.40038630062050956,0.90790575508070703,0.87261401141169825,0.46312346684439021,0.47797854392740607,0.34151255817857634,0.16975638613119479,0.029789138958660002,0.60879739555936907,0.011230573952458855,1.5299689886894008e-05,0.12771802123919418,0.92401801611356793
25,200,5,10,100,1000,0.2,85,0.59816951461696344,0.58416072787979678,0.68413274015215741,0.64531611411134993,0.53077508677686269,0.54124686716210435,0.21032975323839445,0.2242506384544555,0.041499919212097336,0.34602426861406821,0.0824354008698579,7.8437362502903341e-06,0.13211256362618751,0.93159041947833365
25,200,5,10,100,1000,0.2,85,0.48015828488054624,0.49067807912831163,0.82829462228689976,0.79914058243883446,0.46088424989623578,0.47037582925212651,0.27908671844541372,0.28929696657499532,0.0523288452925,200,5,10,100,1000,0.2,5,0.50737335104472714,0.48159574579238901,0.92284459473857017,0.89452126255389619,0.55773616545142324,0.55290677694460089,0.37818498220779101,0.17883228619624869,0.068874389133339597,0.37026699001170305,0.38385181801478541,1.6150289908867244e-05,0.12131879458304251,0.92721848442758892
25,200,5,10,100,1000,0.2,5,0.50032343845626714,0.49631621747340432,0.81548168676618571,0.77734490201990514,0.48266658286966169,0.51689586381114272,0.17410642833796472,0.089978703794395626,0.045403084951554137,0.31512772457664662,0.29050500816992286,5.5463298246682946e-05,0.12590130188601689,0.9356072531045454
25,200,5,10,100,1000,0.2,5,0.37200573750730526,0.36418660756819549,0.93779190226964715,0.90905648531872041,0.42639476302361001,0.45526307902784224,0.32751137164490346,0.085860121447595153,0.039641402395866825,0.25461109220200639,0.29057375262754392,3.5638228341738909e-06,0.11180950426761882,0.91471721347882062
25,200,5,10,100,1000,0.2,5,0.2467267521524088,0.24635860932177062,0.93765906836083235,0.91215479515400799,0.35600518754733701,0.38872682582626827,0.33977993564860298,0.22675357180588648,0.074615961155025487,0.24842485670950032,0.27274804322151724,2.0449563366442547e-05,0.10322520032933546,0.89559469227956412
25,200,5,10,100,1000,0.2,5,0.39914050526835276,0.40246147875675226,0.83600975272367384,0.80443929194472918,0.39510388592887258,0.4386632987555133,0.31831159297444644,0.20417542696071075,0.086529859574492732,0.26322808583168289,0.25596530382229254,1.3143007914995231e-05,0.1093218498090448,0.92560118103152322
25,200,5,10,100,1000,0.2,25,0.44822749526012517,0.45431046051255464,0.73753026585941051,0.69406955714203744,0.40101442749665694,0.43369273629510718,0.25728112541494336,0.18499027972035192,0.081684762754126894,-0.099563581524738654,-0.18881074687152122,1.0379250587888578e-05,0.11386154128088233,0.88829160856418421
25,200,5,10,100,1000,0.2,25,0.49016282555134705,0.46668610375772868,0.88290692056355591,0.83443977881038611,0.52316773942052031,0.53855001172641126,0.27509302621095005,0.22024699701232064,0.10422519482348698,-0.040029215675145391,-0.15107819285270341,3.6201779707312198e-07,0.12109727345859711,0.90467275321635499
25,200,5,10,100,1000,0.2,25,0.40454220127970664,0.4160733531275807,0.91526082065769687,0.88954282524131745,0.47871274893806104,0.50939942460681586,0.37860017843918436,0.17194616757247369,0.06405600896587331,-0.074253322941358002,-0.15483157847996099,1.1787746522773368e-05,0.12138663164303098,0.91434179987272124
25,200,5,10,100,1000,0.2,25,0.31259756376384462,0.31263232610838121,0.95946589593156761,0.93475197406054589,0.41143138584520433,0.45023196020703699,0.41029153492286291,0.19347922493787337,0.036831046841611335,-0.37638174981647454,-0.56723950127530953,2.9636395969756535e-05,0.10692519879464091,0.89505241440581684
25,200,5,10,100,1000,0.2,25,0.39189307101532278,0.3754101317210356,0.91929526125749561,0.88482175026694698,0.46495407452044935,0.48825810226257366,0.3407093150051565,0.24601824211987219,0.047111228380707457,-0.2126369450471477,-0.18860020473239536,8.1610318147795624e-06,0.098149599543107868,0.90891831090662656
25,200,5,10,100,1000,0.2,45,0.41541664188862271,0.40185228864161976,0.92315958902163076,0.89406550994866041,0.46044074268821289,0.47410715138617404,0.27283694325781116,0.13420277450945622,0.063024719653522729,0.075706631241242439,-0.069577670340710052,3.775663485583447e-05,0.11801659302729561,0.91468642393635258
25,200,5,10,100,1000,0.2,45,0.42030845396408156,0.40014787852737366,0.8508782060277017,0.83322701672819754,0.47263396767765453,0.46489833695122373,0.33578437414159379,0.25015761718227708,0.034707737525632242,0.10161076790542456,0.00042343737550543104,1.4268283286211769e-05,0.11356341620298915,0.89712225654683098
25,200,5,10,100,1000,0.2,45,0.36372046382118584,0.36131200593078122,0.922336566232418,0.90278953062038947,0.39936320582458062,0.42198048571757196,0.35845121393425583,0.11941875229259946,0.060912416894753962,-0.43937594995310603,-0.13740085206611585,3.5363055386206099e-06,0.1006103090049979,0.9140778013826778
25,200,5,10,100,1000,0.2,45,0.41122387714347663,0.40098519350820988,0.88113560088169884,0.83048217388228918,0.47275123934649677,0.49958527455663548,0.25755986700086447,0.19787516535279998,0.053179568224081937,-0.28303146762328768,-0.33037515747340551,2.1043300198475556e-05,0.11777846564679295,0.90617321578826371
25,200,5,10,100,1000,0.2,45,0.39310923976505396,0.39697230837551167,0.90781684919732974,0.8768241000726974,0.46479312886473134,0.50003359224377086,0.28799641359829697,0.13363487923362483,0.042832444297500147,0.38395190720676831,0.094626098923473845,5.5047759788262596e-06,0.12021949236943308,0.90412133388984361
25,200,5,10,100,1000,0.2,65,0.53024706730878535,0.52839667462474538,0.59392007486189513,0.55137558623150007,0.54698616967656843,0.54696583426724543,0.16442475075958352,0.087330196721622594,0.030870944249271549,0.34826141352745599,0.14873970646051116,1.9957552799265699e-06,0.10612493112730426,0.93055453676361843
25,200,5,10,100,1000,0.2,65,0.38478464188759687,0.35732651519241088,0.94632810180543747,0.91157608488293385,0.49583403208832078,0.51509116356286033,0.41890801284291551,0.20170103480993462,0.039371387419013547,0.57230231757734784,0.048128623017996364,6.2162520335640181e-06,0.13962844765080007,0.88338770550204249
25,200,5,10,100,1000,0.2,65,0.4383616664246458,0.4131619896956974,0.94529739448768901,0.91647704241744743,0.48032619541537103,0.4962644851737365,0.35884977104920884,0.14545104676294646,0.12211067831056119,0.60828467500909356,0.18556202085268103,1.5017105798653674e-05,0.11058106180974936,0.92687042564449884
25,200,5,10,100,1000,0.2,65,0.40028225891338332,0.36651276155398899,0.92096727355436392,0.88572137779042615,0.44354193821213572,0.4214574978311933,0.36572069204705154,0.18373863745617711,0.051852860258254599,0.62496501123384696,0.12475966602304189,6.302725799045561e-06,0.12266242875993827,0.92555207549666874
25,200,5,10,100,1000,0.2,65,0.36684033511399194,0.33702937279042927,0.86252875626085168,0.80374468527005605,0.43583486213003186,0.44375780787612468,0.25726972765526124,0.063947652095841925,0.045039532872436928,0.50047873314890579,0.14574658413981356,1.3033099517500979e-05,0.11122574235020899,0.91743394376882037
25,200,5,10,100,1000,0.2,85,0.47305251239182811,0.45711781647621508,0.69331789404619981,0.61564133231994944,0.41995276106299539,0.43640551803187416,0.17111109533886087,0.10053952437084034,0.028651552053395299,0.5745272283170485,0.029451895896362323,1.2226646607049751e-05,0.13776201663548893,0.93093024067885399
25,200,5,10,100,1000,0.2,85,0.43482177469437677,0.3952533643310035,0.95074154947023415,0.92167308622876176,0.50820596770791326,0.5008802871674497,0.39580004827979259,0.22098815171069988,0.051674996786145781,0.60627042900561579,-0.094988019461475837,5.5320800933511549e-06,0.11321003848932487,0.92788599765713997
25,200,5,10,100,1000,0.2,85,0.41446094478525997,0.39283623429607833,0.94228638059569447,0.92049485329755354,0.48371900345429408,0.49509575654647636,0.35186353550636673,0.088568653463112434,0.052214671162766568,0.57447762041584616,0.023716621645746061,2.673401744490711e-05,0.1097849570387821,0.88777234443711128
25,200,5,10,100,1000,0.2,85,0.40678334456417542,0.38069410663019554,0.82741239999160632,0.79807554763460276,0.43365805685658687,0.44880126946582927,0.24149574658723486,0.18482931046787374,0.041566097904877537,0.54266165494245766,-0.10685928792660526,1.6920628708616547e-05,0.10147176680392533,0.9047477240606201
25,200,5,10,100,1000,0.2,85,0.50680252341245779,0.47244074102661116,0.92242557068515207,0.88695260093380668,0.5497173631392146,0.55365230001903154,0.29396835211937711,0.052697921038146821,0.026746524840546036,0.60544646932144308,-0.025066944992204743,7.6281152927570872e-06,0.12410019298871655,0.91637256907435982
25,200,8,10,100,1000,0.2,5,0.3417256687591339,0.31948712089446418,0.9315359014422967,0.88811864336728219,0.40261925018151734,0.43240641359126214,0.37948277290407278,0.11686415108936672,0.036525516824888395,0.31986263224425271,0.34003794140818966,3.3745894640890839e-05,0.10439323459862937,0.82809397398560003
25,200,8,10,100,1000,0.2,5,0.31891512373869357,0.29964198836292461,0.93660648054205053,0.90015166789796275,0.376134638076006,0.39961899056003447,0.29977924165931619,0.076278746881179277,0.036993686867577674,0.35507235744507204,0.37847979034979318,7.3221036438475551e-06,0.13612444814019431,0.83770724884649073
25,200,8,10,100,1000,0.2,5,0.31329048386423386,0.29121466470545854,0.91191586947917302,0.86443290356712921,0.39177665339635603,0.42573398647692978,0.34701526460578863,0.10129106295412207,0.026201239818270078,0.29048637658976462,0.30465054378546363,9.8438667524014534e-06,0.11615521334579959,0.80248649968565433
25,200,8,10,100,1000,0.2,5,0.29456736870806643,0.28472675265954561,0.94286549515595752,0.91080594588977781,0.40932940823748454,0.44017951543221162,0.37650621336940393,0.1245160472663922,0.053913394342260827,0.17033673850706088,0.16742194092467166,3.1496181226442488e-06,0.1161121648420822,0.78370843430303039
25,200,8,10,100,1000,0.2,5,0.31880564877276796,0.3252870803355446,0.7761853294666764,0.71028480865866506,0.32012217400298737,0.36424851304787176,0.15190482244303577,0.15601095450602787,0.032891493425059683,0.22542611499205567,0.18968206108707109,1.9120956737062045e-05,0.11397744793574627,0.78576413908369447
25,200,8,10,100,1000,0.2,25,0.39692294028837272,0.38624979993200648,0.61436637394251881,0.55500500199548275,0.37184916303493043,0.39597191086107042,0.16966497769484812,0.12108845798661701,0.066399411882165277,0.11461389303192548,0.065746185286249204,2.6227179087401353e-06,0.12232611351865841,0.83246766603916722
25,200,8,10,100,1000,0.2,25,0.34364719754743112,0.33669520971289546,0.83928997362676916,0.75508403866281892,0.36600189017964291,0.42219193446711595,0.21995358305384963,0.16837106433337612,0.056223035520184143,-0.35436903007626941,-0.47275737627286896,6.7806661309122163e-06,0.10732876362981614,0.77788301327299381
25,200,8,10,100,1000,0.2,25,0.33214377825095065,0.31018803774138759,0.91246671428215265,0.86923653648127586,0.40543710902901342,0.41513887638201913,0.31310892238479893,0.097224111180216122,0.024345107670228568,-0.32302297664958513,-0.434826222683248,3.0757432097794357e-05,0.099013053117576577,0.79723434214289857
25,200,8,10,100,1000,0.2,25,0.31186721273487528,0.29243284117354701,0.9222742360931675,0.87277112160029269,0.36695974543060861,0.38666133677535935,0.31780297058136775,0.23958210853035664,0.023741289990880824,-0.27530215962578741,-0.370333123832435,4.2357917084956398e-06,0.12757934958349715,0.81792200706513407
25,200,8,10,100,1000,0.2,25,0.29400839805733625,0.31134615665329352,0.8815278654294586,0.82699336507963006,0.36930963419001328,0.41855819759859719,0.31152738725996026,0.18710884174873077,0.070917270167432531,-0.1215155390829723,-0.21156223963625154,1.7903526718932028e-06,0.10833705776257996,0.81838546176128024
25,200,8,10,100,1000,0.2,45,0.33838282334863035,0.32424686880737269,0.91287155533669484,0.87267388427481329,0.37176124175005498,0.39760827313360375,0.25721290260749369,0.16610153549595849,0.058757118648677303,-0.31628582561355834,-0.26010233016184459,2.4984216474899235e-05,0.11607442840644788,0.82086722809055068
25,200,8,10,100,1000,0.2,45,0.35749848378050131,0.31825486548995469,0.95668401473197073,0.93040157191642292,0.43500535890253711,0.43914882680961964,0.34865905452614376,0.086245872391526188,0.017342620479343415,-0.43468530209608147,-0.26200358704958537,6.1657653931401768e-06,0.12293954174251498,0.79460956427558793
25,200,8,10,100,1000,0.2,45,0.32842674379493175,0.3304876541710477,0.94161829854211898,0.91397298392572224,0.41542394673461536,0.45505827126791498,0.40167179160614475,0.1025885579259202,0.050576822272135544,0.067911246601529585,-0.13914002121945712,1.2366278881459358e-05,0.12238251684976564,0.80324435781486225
25,200,8,10,100,1000,0.2,45,0.3029482112712254,0.25448988717892496,0.96009726047616395,0.93288903841808102,0.3836538405765757,0.38127813628880675,0.35716920606790681,0.18276709330550006,0.056451211090976616,0.070411160206882317,-0.17261899710278406,2.4003161553931562e-06,0.12565290324363709,0.81410887367563534
25,200,8,10,100,1000,0.2,45,0.28732441053781699,0.27179324233712254,0.89783787393827375,0.86336324325916436,0.31375944894584196,0.34625733869094483,0.30242952132729523,0.118211171312574,-0.0025888579062501868,-0.098693831908887253,-0.11463030980825417,1.0351562842347839e-05,0.10595811943328159,0.80747075824915193
25,200,8,10,100,1000,0.2,65,0.34672960000760411,0.34825661869640956,0.9398833860059117,0.90838236584412024,0.37853607405682854,0.41774269118084539,0.43430235690841812,0.12216281366265383,0.075917777032206882,0.53367306874055731,0.0076413251108736757,3.5113346684711999e-05,0.12417500809166426,0.8331551185299646
25,200,8,10,100,1000,0.2,65,0.34607522581818928,0.34051867273189784,0.89245774065084682,0.85596964703746448,0.35586937329300083,0.38433891255224939,0.29113940820710105,0.10491501145174281,0.058544784816760446,-0.00014063396722829857,-0.0085660989420950351,4.5545920497325199e-06,0.10776373616153512,0.83495945922000114
25,200,8,10,100,1000,0.2,65,0.3017747017968192,0.2987146031803446,0.87755563472694564,0.83374157369451951,0.35290843570188901,0.39653573609151549,0.30731589220455485,0.20822707301544865,0.022671492306835423,0.55303573087525959,-0.014962205882450785,1.9468807190836657e-06,0.12590503161047217,0.81597135594111769
25,200,8,10,100,1000,0.2,65,0.34141120381076084,0.33294132269254306,0.76957201537251707,0.69360419359628922,0.34174885451675041,0.37429284201422086,0.1339478331468017,0.15207366098086592,0.037101393280540712,0.052778712750096157,-0.0061787377734221494,9.2046760423736274e-06,0.1163879913779059,0.81272148164874791
25,200,8,10,100,1000,0.2,65,0.32145585347129901,0.30210916754677813,0.94094752602948739,0.90764712334914865,0.37391885204812592,0.40607799226695229,0.39326260070703056,0.17086799986072845,0.013170681080008151,0.56265516123612869,-0.17821961707110145,1.6307431771500625e-05,0.11279563231451162,0.80098196926736864
25,200,8,10,100,1000,0.2,85,0.32826381093425683,0.30504616995515421,0.95208774380615957,0.91797706099241227,0.38140758016679799,0.40505711885716256,0.41325415288605338,0.1907371520420062,0.05974952406357259,0.57447618018624369,-0.30563962121692412,2.2701166995098276e-06,0.11821797099165998,0.7697576745749527
25,200,8,10,100,1000,0.2,85,0.37870463118284303,0.34230088343840198,0.92147966379319746,0.88873379988574497,0.38182906933320693,0.37447102481524225,0.35119512550982446,0.10767307437670831,0.071056097881791555,0.65090319448156708,-0.082503365811507079,4.7827444976444866e-05,0.11428261977449661,0.83802913743169694
25,200,8,10,100,1000,0.2,85,0.32773224406200852,0.28717338697613598,0.87775544369583069,0.81089215810076787,0.3677813858653034,0.37669832248643742,0.26905062936769164,0.078951843889924989,0.032450822124900851,0.59617978519921411,-0.065150692832833368,1.0879677743158567e-05,0.10594144897691504,0.82724826890584158
25,200,8,10,100,1000,0.2,85,0.40135372005217662,0.39245978538813475,0.89033444796517236,0.83794419831526612,0.39179160394533397,0.42627290700806258,0.26444115307302951,0.092179170170441582,0.031337970146622429,0.57104608540117052,-0.32634516390431512,3.7127921852175838e-05,0.1208452752287783,0.81682837295013733
25,200,8,10,100,1000,0.2,85,0.32633842218521036,0.32121848144135334,0.91495871051773758,0.87911217937346275,0.36065259134269168,0.39033087534381383,0.32021563721323903,0.067031508049474595,0.037784980683826803,0.60288918168417593,0.047367562629356819,1.3849322250791829e-05,0.10783820929669752,0.83897878039981322
